Cell ID,,Timepoint, ,Position,  ,Displacement Vector,   ,Distance Traveled,    ,Volume,     ,Surface Area,      
"0_(255, 0, 0)_Cell3D",,,,,,,,,,,,,
,,0.0,,"(-202.2, -7.6, 3.8)",,,,,,9271.2,,2415.6,
,,1.0,,"(-201.6, -27.4, 3.8)",,"(0.6, -19.9, 0.0)",,19.9,,6453.8,,1919.2,
,,2.0,,"(-201.2, -21.0, 3.8)",,"(0.4, 6.5, 0.0)",,6.5,,6670.7,,1905.2,
,,3.0,,"(-206.1, -9.1, 3.8)",,"(-4.9, 11.8, 0.0)",,12.8,,6572.3,,1949.4,
,,4.0,,"(-211.4, 6.7, 3.8)",,"(-5.3, 15.8, 0.0)",,16.7,,7737.8,,2101.4,
,,5.0,,"(-211.1, 1.0, 3.8)",,"(0.3, -5.7, 0.0)",,5.7,,7995.7,,2162.2,
,,6.0,,"(-216.0, 0.2, 11.4)",,"(-4.9, -0.8, 7.6)",,9.1,,10010.7,,2424.9,
,,7.0,,"(-221.3, -5.1, 11.4)",,"(-5.3, -5.3, 0.0)",,7.5,,7706.7,,2116.0,
,,8.0,,"(-222.8, -11.4, 11.4)",,"(-1.4, -6.3, 0.0)",,6.5,,7757.4,,2074.7,
,,9.0,,"(-222.0, 9.9, 11.4)",,"(0.7, 21.3, 0.0)",,21.3,,8059.1,,2132.4,
,,10.0,,"(-225.4, 9.5, 11.4)",,"(-3.3, -0.5, 0.0)",,3.4,,9472.0,,2355.8,
,,11.0,,"(-228.7, 9.4, 11.4)",,"(-3.3, -0.1, 0.0)",,3.3,,9402.6,,2358.6,
,,12.0,,"(-234.7, 16.8, 11.4)",,"(-6.1, 7.4, 0.0)",,9.6,,7039.9,,2012.1,
,,13.0,,"(-239.1, 8.9, 11.4)",,"(-4.3, -7.9, 0.0)",,9.0,,8010.9,,2066.6,
,,14.0,,"(-235.0, 8.0, 11.4)",,"(4.1, -0.9, 0.0)",,4.2,,6144.2,,1812.2,
,,15.0,,"(-240.9, 1.5, 7.6)",,"(-5.9, -6.5, -3.8)",,9.5,,9054.7,,2471.9,
,,16.0,,"(-246.7, 2.2, 11.4)",,"(-5.8, 0.7, 3.8)",,7.0,,8349.6,,2165.6,
,,17.0,,"(-252.6, -0.1, 11.4)",,"(-5.9, -2.2, 0.0)",,6.4,,9466.8,,2414.3,
,,18.0,,"(-252.1, -1.3, 11.4)",,"(0.5, -1.2, 0.0)",,1.3,,7201.3,,2024.8,
,,19.0,,"(-252.3, -5.0, 11.4)",,"(-0.2, -3.7, 0.0)",,3.7,,7644.3,,2092.0,
,,20.0,,"(-254.9, 4.2, 11.4)",,"(-2.6, 9.2, 0.0)",,9.6,,3360.3,,1157.4,
,,21.0,,"(-257.4, 22.1, 18.9)",,"(-2.5, 17.8, 7.6)",,19.5,,1895.4,,776.4,
,,22.0,,"(-260.0, 7.8, 11.4)",,"(-2.6, -14.3, -7.6)",,16.4,,3248.7,,1147.5,
,,23.0,,"(-259.5, 13.3, 11.4)",,"(0.4, 5.6, 0.0)",,5.6,,3599.0,,1213.9,
,,24.0,,"(-260.8, 18.5, 11.4)",,"(-1.3, 5.2, 0.0)",,5.3,,3708.8,,1264.0,
,,25.0,,"(-263.5, 27.0, 18.9)",,"(-2.7, 8.5, 7.6)",,11.7,,3365.3,,1179.4,
,,26.0,,"(-270.6, 32.5, 18.9)",,"(-7.1, 5.5, 0.0)",,9.0,,3447.2,,1169.4,
,,27.0,,"(-272.2, 28.8, 18.9)",,"(-1.6, -3.7, 0.0)",,4.0,,3196.1,,1121.3,
,,28.0,,"(-280.6, 28.0, 15.2)",,"(-8.4, -0.8, -3.8)",,9.2,,5090.9,,1534.0,
,,29.0,,"(-287.3, 13.9, 11.4)",,"(-6.7, -14.1, -3.8)",,16.1,,5971.5,,1710.0,
,,30.0,,"(-283.4, 11.8, 15.2)",,"(3.9, -2.1, 3.8)",,5.8,,6035.9,,1703.4,
"1_(255, 0, 0)_Cell3D",,,,,,,,,,,,,
,,0.0,,"(-149.0, 62.0, 22.7)",,,,,,4995.0,,1677.6,
,,1.0,,"(-152.9, 69.4, 30.3)",,"(-3.9, 7.3, 7.6)",,11.2,,4449.7,,1460.7,
,,2.0,,"(-152.0, 69.0, 30.3)",,"(0.8, -0.4, 0.0)",,0.9,,5783.3,,1892.2,
,,3.0,,"(-146.8, 58.7, 22.7)",,"(5.2, -10.3, -7.6)",,13.8,,5367.2,,1861.5,
,,4.0,,"(-150.0, 60.7, 22.7)",,"(-3.2, 2.0, 0.0)",,3.7,,6479.9,,1971.7,
,,5.0,,"(-144.8, 64.9, 22.7)",,"(5.2, 4.3, 0.0)",,6.7,,6091.3,,1860.4,
,,6.0,,"(-149.7, 52.1, 18.9)",,"(-4.8, -12.8, -3.8)",,14.2,,7731.4,,2219.3,
,,7.0,,"(-153.8, 50.0, 22.7)",,"(-4.1, -2.1, 3.8)",,6.0,,5582.5,,1840.2,
,,8.0,,"(-151.2, 34.6, 15.2)",,"(2.6, -15.3, -7.6)",,17.3,,6536.2,,2173.6,
,,9.0,,"(-148.8, 48.9, 15.2)",,"(2.4, 14.3, 0.0)",,14.5,,5702.7,,1944.2,
,,10.0,,"(-148.5, 48.4, 15.2)",,"(0.3, -0.6, 0.0)",,0.6,,6046.3,,2074.4,
,,11.0,,"(-149.7, 33.9, 11.4)",,"(-1.2, -14.4, -3.8)",,15.0,,6928.4,,2088.6,
,,12.0,,"(-152.9, 44.8, 18.9)",,"(-3.2, 10.8, 7.6)",,13.6,,6991.5,,2276.6,
,,13.0,,"(-152.3, 34.2, 15.2)",,"(0.6, -10.6, -3.8)",,11.3,,6814.0,,2175.5,
,,14.0,,"(-146.8, 40.9, 15.2)",,"(5.4, 6.6, 0.0)",,8.6,,5794.7,,1818.7,
,,15.0,,"(-150.0, 50.7, 15.2)",,"(-3.1, 9.8, 0.0)",,10.3,,6232.5,,1916.3,
,,16.0,,"(-147.1, 42.8, 15.2)",,"(2.9, -7.9, 0.0)",,8.4,,7371.6,,2193.5,
,,17.0,,"(-147.8, 56.5, 22.7)",,"(-0.7, 13.6, 7.6)",,15.6,,5676.4,,1861.4,
,,18.0,,"(-152.1, 28.1, 15.2)",,"(-4.3, -28.3, -7.6)",,29.6,,7256.1,,2198.6,
,,19.0,,"(-148.9, 28.9, 11.4)",,"(3.1, 0.8, -3.8)",,5.0,,6054.0,,1913.1,
,,20.0,,"(-144.4, 17.6, 11.4)",,"(4.5, -11.3, 0.0)",,12.2,,7561.5,,2043.1,
,,21.0,,"(-146.8, 20.6, 11.4)",,"(-2.4, 3.0, 0.0)",,3.9,,5563.1,,1657.3,
,,22.0,,"(-145.3, 21.7, 15.2)",,"(1.5, 1.1, 3.8)",,4.2,,6673.2,,2235.2,
,,23.0,,"(-148.7, 13.5, 11.4)",,"(-3.4, -8.3, -3.8)",,9.7,,6750.8,,2002.5,
,,24.0,,"(-142.5, 9.8, 11.4)",,"(6.1, -3.6, 0.0)",,7.1,,8497.5,,2378.2,
,,25.0,,"(-141.4, 21.6, 11.4)",,"(1.1, 11.8, 0.0)",,11.9,,6852.4,,2055.1,
,,26.0,,"(-148.2, 17.5, 11.4)",,"(-6.7, -4.2, 0.0)",,7.9,,7685.4,,2334.5,
,,27.0,,"(-150.6, 8.3, 15.2)",,"(-2.5, -9.2, 3.8)",,10.2,,7466.3,,2185.2,
,,28.0,,"(-148.5, 5.5, 11.4)",,"(2.1, -2.8, -3.8)",,5.2,,6284.0,,1877.8,
,,29.0,,"(-143.9, 10.0, 11.4)",,"(4.6, 4.5, 0.0)",,6.4,,7576.3,,2087.4,
,,30.0,,"(-154.7, 22.7, 18.9)",,"(-10.8, 12.7, 7.6)",,18.3,,6484.0,,1949.6,
"2_(255, 0, 0)_Cell3D",,,,,,,,,,,,,
,,0.0,,"(-174.9, -46.4, 72.0)",,,,,,1870.7,,763.0,
,,1.0,,"(-175.0, -41.3, 79.5)",,"(-0.1, 5.1, 7.6)",,9.1,,2242.7,,971.7,
,,2.0,,"(-168.9, -40.5, 79.5)",,"(6.1, 0.8, 0.0)",,6.1,,2810.1,,1026.3,
,,3.0,,"(-170.1, -44.8, 79.5)",,"(-1.1, -4.3, 0.0)",,4.4,,2845.0,,1058.4,
,,4.0,,"(-174.8, -42.2, 75.8)",,"(-4.7, 2.6, -3.8)",,6.6,,3667.5,,1259.9,
,,5.0,,"(-172.9, -39.9, 75.8)",,"(1.9, 2.3, 0.0)",,3.0,,4104.4,,1330.5,
,,6.0,,"(-172.5, -41.4, 79.5)",,"(0.3, -1.5, 3.8)",,4.1,,3589.5,,1216.3,
,,7.0,,"(-174.4, -52.7, 75.8)",,"(-1.8, -11.3, -3.8)",,12.1,,3679.3,,1276.5,
,,8.0,,"(-168.8, -59.7, 79.5)",,"(5.6, -7.0, 3.8)",,9.7,,3249.7,,1119.3,
,,9.0,,"(-171.8, -50.0, 79.5)",,"(-3.0, 9.7, 0.0)",,10.2,,3915.7,,1262.4,
,,10.0,,"(-178.7, -49.3, 79.5)",,"(-6.9, 0.7, 0.0)",,7.0,,3440.0,,1186.2,
,,11.0,,"(-174.6, -33.1, 87.1)",,"(4.1, 16.2, 7.6)",,18.3,,2554.6,,1067.8,
,,12.0,,"(-177.7, -36.7, 79.5)",,"(-3.1, -3.6, -7.6)",,9.0,,3676.0,,1255.5,
,,13.0,,"(-175.6, -45.5, 75.8)",,"(2.1, -8.8, -3.8)",,9.8,,3253.3,,1288.5,
,,14.0,,"(-174.0, -49.0, 75.8)",,"(1.6, -3.4, 0.0)",,3.8,,3620.8,,1364.0,
,,15.0,,"(-177.1, -41.7, 79.5)",,"(-3.1, 7.3, 3.8)",,8.8,,6560.4,,1817.7,
,,16.0,,"(-182.8, -48.3, 75.8)",,"(-5.7, -6.6, -3.8)",,9.5,,4083.2,,1404.9,
,,17.0,,"(-183.5, -50.7, 75.8)",,"(-0.7, -2.4, 0.0)",,2.5,,4389.9,,1421.6,
,,18.0,,"(-183.8, -48.2, 79.5)",,"(-0.3, 2.5, 3.8)",,4.5,,3966.1,,1285.7,
,,19.0,,"(-177.1, -33.0, 87.1)",,"(6.7, 15.2, 7.6)",,18.3,,4229.4,,1535.9,
,,20.0,,"(-186.7, -31.0, 83.3)",,"(-9.6, 2.0, -3.8)",,10.5,,6142.9,,1887.1,
,,21.0,,"(-183.5, -37.2, 83.3)",,"(3.1, -6.2, 0.0)",,7.0,,3607.5,,1372.1,
,,22.0,,"(-183.1, -31.2, 83.3)",,"(0.4, 6.0, 0.0)",,6.1,,3764.4,,1276.4,
,,23.0,,"(-184.6, -37.4, 83.3)",,"(-1.5, -6.3, 0.0)",,6.4,,4057.7,,1456.9,
,,24.0,,"(-187.9, -37.2, 83.3)",,"(-3.2, 0.2, 0.0)",,3.2,,4618.8,,1596.6,
,,25.0,,"(-186.3, -42.2, 75.8)",,"(1.6, -4.9, -7.6)",,9.2,,3759.4,,1360.5,
,,26.0,,"(-191.1, -47.1, 75.8)",,"(-4.8, -5.0, 0.0)",,6.9,,3395.8,,1189.5,
,,27.0,,"(-189.4, -44.3, 75.8)",,"(1.7, 2.8, 0.0)",,3.3,,3444.7,,1232.6,
,,28.0,,"(-192.1, -43.9, 72.0)",,"(-2.6, 0.4, -3.8)",,4.6,,3491.0,,1396.3,
,,29.0,,"(-190.8, -46.7, 75.8)",,"(1.2, -2.8, 3.8)",,4.8,,4907.4,,1534.9,
,,30.0,,"(-185.7, -45.0, 75.8)",,"(5.1, 1.7, 0.0)",,5.4,,3879.1,,1468.2,
"3_(255, 0, 0)_Cell3D",,,,,,,,,,,,,
,,0.0,,"(-191.1, 7.4, 72.0)",,,,,,2261.2,,884.5,
,,1.0,,"(-197.7, 9.3, 64.4)",,"(-6.6, 1.9, -7.6)",,10.2,,2709.2,,1031.4,
,,2.0,,"(-182.8, 30.3, 79.5)",,"(14.9, 21.0, 15.2)",,29.9,,2946.6,,1110.7,
,,3.0,,"(-180.7, 31.0, 83.3)",,"(2.1, 0.7, 3.8)",,4.4,,3437.6,,1218.8,
,,4.0,,"(-175.8, 44.8, 83.3)",,"(4.9, 13.9, 0.0)",,14.7,,3573.9,,1201.9,
,,5.0,,"(-176.1, 48.5, 87.1)",,"(-0.3, 3.7, 3.8)",,5.3,,3380.7,,1235.7,
,,6.0,,"(-174.0, 51.6, 87.1)",,"(2.1, 3.1, 0.0)",,3.7,,2781.5,,1050.9,
,,7.0,,"(-177.2, 40.2, 87.1)",,"(-3.3, -11.4, 0.0)",,11.8,,3725.9,,1341.4,
,,8.0,,"(-176.0, 39.1, 83.3)",,"(1.2, -1.1, -3.8)",,4.1,,5033.0,,1706.0,
,,9.0,,"(-175.6, 45.5, 83.3)",,"(0.4, 6.3, 0.0)",,6.4,,4285.0,,1383.8,
,,10.0,,"(-177.3, 47.4, 83.3)",,"(-1.7, 1.9, 0.0)",,2.6,,5075.5,,1619.0,
,,11.0,,"(-175.1, 48.5, 83.3)",,"(2.2, 1.1, 0.0)",,2.5,,4173.6,,1387.4,
,,12.0,,"(-184.1, 53.3, 75.8)",,"(-9.0, 4.8, -7.6)",,12.7,,4289.5,,1467.2,
,,13.0,,"(-186.2, 54.9, 75.8)",,"(-2.1, 1.6, 0.0)",,2.7,,4554.0,,1532.9,
,,14.0,,"(-188.4, 55.2, 72.0)",,"(-2.2, 0.3, -3.8)",,4.4,,3282.7,,1217.3,
,,15.0,,"(-187.4, 63.2, 68.2)",,"(1.0, 8.0, -3.8)",,8.9,,3802.9,,1321.8,
,,16.0,,"(-183.6, 65.1, 68.2)",,"(3.8, 1.9, 0.0)",,4.2,,3118.3,,1222.0,
,,17.0,,"(-184.5, 64.6, 68.2)",,"(-0.9, -0.5, 0.0)",,1.0,,3767.8,,1298.2,
,,18.0,,"(-189.4, 57.0, 68.2)",,"(-4.9, -7.6, 0.0)",,9.0,,4590.9,,1572.6,
,,19.0,,"(-186.5, 60.4, 60.6)",,"(2.9, 3.4, -7.6)",,8.8,,4350.0,,1428.0,
,,20.0,,"(-186.0, 64.2, 64.4)",,"(0.5, 3.9, 3.8)",,5.5,,4762.7,,1638.6,
,,21.0,,"(-186.5, 65.0, 64.4)",,"(-0.5, 0.7, 0.0)",,0.9,,4509.5,,1544.7,
,,22.0,,"(-185.7, 66.1, 56.8)",,"(0.8, 1.1, -7.6)",,7.7,,5289.0,,1692.2,
,,23.0,,"(-190.2, 61.5, 60.6)",,"(-4.5, -4.6, 3.8)",,7.4,,4311.2,,1471.1,
,,24.0,,"(-188.2, 62.4, 53.0)",,"(2.0, 0.9, -7.6)",,7.9,,4363.0,,1461.9,
,,25.0,,"(-195.7, 58.0, 60.6)",,"(-7.5, -4.4, 7.6)",,11.6,,4757.7,,1567.5,
,,26.0,,"(-198.2, 66.8, 53.0)",,"(-2.5, 8.8, -7.6)",,11.9,,4637.3,,1460.9,
,,27.0,,"(-196.1, 69.7, 53.0)",,"(2.1, 2.9, 0.0)",,3.6,,5549.7,,1592.5,
,,28.0,,"(-191.9, 75.6, 45.5)",,"(4.2, 5.9, -7.6)",,10.5,,3912.0,,1307.1,
,,29.0,,"(-191.5, 64.1, 45.5)",,"(0.4, -11.4, 0.0)",,11.5,,5821.3,,1685.7,
,,30.0,,"(-192.7, 70.1, 45.5)",,"(-1.2, 5.9, 0.0)",,6.1,,4963.9,,1535.5,
"4_(255, 0, 0)_Cell3D",,,,,,,,,,,,,
,,0.0,,,,,,,,,,,
,,1.0,,,,,,,,,,,
,,2.0,,,,,,,,,,,
,,3.0,,,,,,,,,,,
,,4.0,,,,,,,,,,,
,,5.0,,,,,,,,,,,
,,6.0,,,,,,,,,,,
,,7.0,,,,,,,,,,,
,,8.0,,,,,,,,,,,
,,9.0,,,,,,,,,,,
,,10.0,,,,,,,,,,,
,,11.0,,,,,,,,,,,
,,12.0,,,,,,,,,,,
,,13.0,,,,,,,,,,,
,,14.0,,,,,,,,,,,
,,15.0,,,,,,,,,,,
,,16.0,,,,,,,,,,,
,,17.0,,,,,,,,,,,
,,18.0,,,,,,,,,,,
,,19.0,,,,,,,,,,,
,,20.0,,,,,,,,,,,
,,21.0,,"(-259.6, -20.6, 11.4)",,,,,,1644.9,,710.9,
,,22.0,,"(-256.7, -24.3, 11.4)",,"(2.9, -3.7, 0.0)",,4.7,,2684.5,,1044.5,
,,23.0,,"(-262.7, -19.5, 11.4)",,"(-6.0, 4.8, 0.0)",,7.7,,3259.2,,1154.2,
,,24.0,,"(-265.2, -13.5, 11.4)",,"(-2.5, 6.0, 0.0)",,6.5,,3676.8,,1233.7,
,,25.0,,"(-271.2, -22.8, 11.4)",,"(-6.0, -9.3, 0.0)",,11.1,,3209.9,,1120.0,
,,26.0,,"(-273.5, -26.3, 11.4)",,"(-2.3, -3.5, 0.0)",,4.2,,4066.6,,1311.3,
,,27.0,,"(-276.1, -28.5, 11.4)",,"(-2.6, -2.3, 0.0)",,3.5,,3678.5,,1234.9,
,,28.0,,"(-280.2, -31.7, 15.2)",,"(-4.1, -3.2, 3.8)",,6.4,,4814.2,,1470.8,
,,29.0,,"(-284.2, -32.3, 15.2)",,"(-4.0, -0.5, 0.0)",,4.0,,5769.6,,1683.2,
,,30.0,,"(-285.3, -37.3, 22.7)",,"(-1.1, -5.0, 7.6)",,9.2,,5175.6,,1533.8,
"5_(0, 0, 255)_Cell3D",,,,,,,,,,,,,
,,0.0,,"(-126.9, 40.5, 41.7)",,,,,,136971.7,,17586.3,
,,1.0,,"(-128.1, 41.8, 37.9)",,"(-1.1, 1.3, -3.8)",,4.2,,132705.3,,15627.8,
,,2.0,,"(-130.0, 45.1, 41.7)",,"(-1.9, 3.3, 3.8)",,5.4,,127673.8,,16063.2,
,,3.0,,"(-130.3, 41.8, 45.5)",,"(-0.3, -3.3, 3.8)",,5.0,,134113.8,,16206.5,
,,4.0,,"(-128.9, 46.8, 45.5)",,"(1.4, 4.9, 0.0)",,5.1,,140541.3,,20400.5,
,,5.0,,"(-128.1, 49.7, 41.7)",,"(0.8, 3.0, -3.8)",,4.9,,145929.7,,17671.6,
,,6.0,,"(-132.3, 53.0, 49.2)",,"(-4.2, 3.3, 7.6)",,9.3,,156523.7,,17366.4,
,,7.0,,"(-136.0, 43.7, 45.5)",,"(-3.7, -9.3, -3.8)",,10.7,,151035.5,,16765.8,
,,8.0,,"(-136.6, 39.7, 45.5)",,"(-0.6, -4.0, 0.0)",,4.1,,159865.1,,17381.0,
,,9.0,,"(-133.9, 42.5, 41.7)",,"(2.7, 2.8, -3.8)",,5.4,,153423.1,,17165.2,
,,10.0,,"(-133.7, 41.4, 37.9)",,"(0.2, -1.1, -3.8)",,3.9,,142834.3,,18030.5,
,,11.0,,"(-134.1, 44.7, 41.7)",,"(-0.3, 3.3, 3.8)",,5.0,,149398.0,,16907.6,
,,12.0,,"(-133.3, 46.8, 41.7)",,"(0.7, 2.1, 0.0)",,2.2,,148675.8,,17214.9,
,,13.0,,"(-140.3, 42.0, 49.2)",,"(-7.0, -4.8, 7.6)",,11.4,,144074.6,,17206.6,
,,14.0,,"(-140.0, 44.5, 53.0)",,"(0.3, 2.5, 3.8)",,4.6,,119033.1,,17040.9,
,,15.0,,"(-142.1, 43.4, 49.2)",,"(-2.1, -1.2, -3.8)",,4.5,,163318.1,,18911.4,
,,16.0,,"(-139.1, 39.7, 45.5)",,"(3.1, -3.7, -3.8)",,6.2,,147830.7,,17801.9,
,,17.0,,"(-141.3, 41.9, 45.5)",,"(-2.3, 2.3, 0.0)",,3.2,,159266.7,,20225.0,
,,18.0,,"(-143.6, 32.1, 41.7)",,"(-2.3, -9.8, -3.8)",,10.7,,158337.3,,19478.9,
,,19.0,,"(-139.6, 33.1, 37.9)",,"(4.0, 0.9, -3.8)",,5.6,,162460.2,,18971.6,
,,20.0,,"(-142.3, 40.1, 45.5)",,"(-2.7, 7.0, 7.6)",,10.7,,144335.6,,18091.4,
,,21.0,,"(-144.2, 37.2, 45.5)",,"(-1.9, -2.9, 0.0)",,3.5,,173298.5,,19712.6,
,,22.0,,"(-139.7, 40.3, 45.5)",,"(4.5, 3.1, 0.0)",,5.5,,170020.9,,18826.4,
,,23.0,,"(-144.3, 32.7, 49.2)",,"(-4.6, -7.6, 3.8)",,9.7,,188161.3,,21457.1,
,,24.0,,"(-141.7, 37.2, 49.2)",,"(2.6, 4.5, 0.0)",,5.2,,178294.1,,21560.2,
,,25.0,,"(-146.0, 30.4, 45.5)",,"(-4.3, -6.8, -3.8)",,8.9,,175996.6,,20557.0,
,,26.0,,"(-147.3, 40.3, 49.2)",,"(-1.3, 10.0, 3.8)",,10.7,,167218.7,,19547.4,
,,27.0,,"(-149.3, 32.8, 53.0)",,"(-2.0, -7.6, 3.8)",,8.7,,190857.4,,23483.1,
,,28.0,,"(-149.5, 35.6, 49.2)",,"(-0.1, 2.8, -3.8)",,4.7,,201634.7,,22919.7,
,,29.0,,"(-147.8, 32.0, 49.2)",,"(1.6, -3.6, 0.0)",,4.0,,194733.7,,22055.0,
,,30.0,,"(-148.2, 29.9, 56.8)",,"(-0.4, -2.1, 7.6)",,7.9,,217128.1,,25163.2,
"6_(0, 0, 255)_Cell3D",,,,,,,,,,,,,
,,0.0,,"(-263.9, 2.6, 15.2)",,,,,,5848.7,,1921.7,
,,1.0,,"(-266.7, -1.4, 15.2)",,"(-2.8, -4.0, 0.0)",,4.8,,5662.7,,1848.0,
,,2.0,,"(-266.9, 9.9, 18.9)",,"(-0.2, 11.3, 3.8)",,11.9,,6430.5,,2122.8,
,,3.0,,"(-273.7, 6.2, 26.5)",,"(-6.7, -3.7, 7.6)",,10.8,,7361.7,,2303.6,
,,4.0,,"(-277.0, 25.5, 30.3)",,"(-3.3, 19.3, 3.8)",,19.9,,6178.8,,1928.5,
,,5.0,,"(-274.8, 30.6, 30.3)",,"(2.2, 5.1, 0.0)",,5.6,,6035.2,,1889.7,
,,6.0,,"(-279.5, 26.9, 34.1)",,"(-4.7, -3.7, 3.8)",,7.1,,7457.2,,2307.3,
,,7.0,,"(-285.0, 17.2, 30.3)",,"(-5.6, -9.7, -3.8)",,11.8,,5848.2,,1891.1,
,,8.0,,"(-287.9, -3.7, 30.3)",,"(-2.8, -20.9, 0.0)",,21.1,,6302.7,,2130.6,
,,9.0,,"(-290.5, 12.6, 30.3)",,"(-2.6, 16.3, 0.0)",,16.5,,6766.0,,2180.2,
,,10.0,,"(-293.1, 10.8, 30.3)",,"(-2.7, -1.8, 0.0)",,3.2,,7372.5,,2323.7,
,,11.0,,"(-292.7, 9.2, 30.3)",,"(0.4, -1.6, 0.0)",,1.6,,6430.9,,2139.7,
,,12.0,,"(-297.5, 18.2, 34.1)",,"(-4.8, 9.0, 3.8)",,10.9,,6862.6,,2147.9,
,,13.0,,"(-299.9, 11.1, 30.3)",,"(-2.4, -7.1, -3.8)",,8.4,,5393.6,,1802.7,
,,14.0,,"(-298.7, 12.7, 22.7)",,"(1.2, 1.6, -7.6)",,7.8,,4510.4,,1602.2,
,,15.0,,"(-307.6, 17.3, 18.9)",,"(-8.8, 4.6, -3.8)",,10.7,,6175.9,,2018.2,
,,16.0,,"(-309.9, -1.8, 15.2)",,"(-2.3, -19.1, -3.8)",,19.6,,6142.5,,2013.3,
,,17.0,,"(-315.6, -5.7, 22.7)",,"(-5.8, -3.9, 7.6)",,10.3,,6137.4,,1992.2,
,,18.0,,"(-322.2, -17.1, 26.5)",,"(-6.5, -11.4, 3.8)",,13.7,,7125.1,,2241.8,
,,19.0,,"(-324.0, -23.9, 26.5)",,"(-1.8, -6.8, 0.0)",,7.1,,7266.6,,2243.2,
,,20.0,,"(-328.7, -4.4, 22.7)",,"(-4.7, 19.5, -3.8)",,20.4,,6427.1,,2150.5,
,,21.0,,"(-334.9, -3.0, 22.7)",,"(-6.1, 1.4, 0.0)",,6.3,,5518.3,,1982.4,
,,22.0,,"(-334.8, 2.6, 22.7)",,"(0.0, 5.6, 0.0)",,5.6,,6113.9,,2072.0,
,,23.0,,"(-341.8, 2.1, 22.7)",,"(-7.0, -0.5, 0.0)",,7.0,,6389.7,,2095.4,
,,24.0,,"(-344.1, 4.1, 22.7)",,"(-2.4, 2.0, 0.0)",,3.1,,6073.8,,1966.1,
,,25.0,,"(-348.7, -1.6, 22.7)",,"(-4.6, -5.7, 0.0)",,7.3,,5815.6,,2006.5,
,,26.0,,"(-355.0, 6.5, 30.3)",,"(-6.3, 8.0, 7.6)",,12.7,,5179.7,,1627.1,
,,27.0,,"(-367.4, 8.2, 34.1)",,"(-12.4, 1.7, 3.8)",,13.1,,2151.1,,886.0,
,,28.0,,"(-366.2, 10.7, 34.1)",,"(1.2, 2.5, 0.0)",,2.8,,2515.7,,947.3,
,,29.0,,"(-373.4, 5.7, 22.7)",,"(-7.2, -5.0, -11.4)",,14.4,,4012.9,,1344.0,
,,30.0,,"(-374.6, 11.9, 30.3)",,"(-1.2, 6.1, 7.6)",,9.8,,4078.8,,1348.8,
"7_(0, 0, 255)_Cell3D",,,,,,,,,,,,,
,,0.0,,"(-194.2, -74.9, 34.1)",,,,,,6962.4,,1924.5,
,,1.0,,"(-194.2, -76.8, 34.1)",,"(-0.0, -1.9, 0.0)",,1.9,,6613.8,,1833.8,
,,2.0,,"(-193.8, -72.5, 34.1)",,"(0.5, 4.3, 0.0)",,4.3,,6410.4,,1804.1,
,,3.0,,"(-199.1, -74.4, 34.1)",,"(-5.4, -1.8, 0.0)",,5.7,,8412.9,,2179.5,
,,4.0,,"(-203.1, -62.0, 30.3)",,"(-3.9, 12.4, -3.8)",,13.5,,6692.0,,1860.7,
,,5.0,,"(-203.1, -56.2, 30.3)",,"(-0.1, 5.8, 0.0)",,5.8,,5725.7,,1681.9,
,,6.0,,"(-207.6, -52.2, 34.1)",,"(-4.4, 4.0, 3.8)",,7.1,,6902.3,,1921.8,
,,7.0,,"(-208.8, -52.4, 26.5)",,"(-1.2, -0.2, -7.6)",,7.7,,8267.1,,2187.5,
,,8.0,,"(-206.3, -65.3, 26.5)",,"(2.5, -12.9, 0.0)",,13.2,,8858.3,,2438.7,
,,9.0,,"(-211.8, -55.7, 22.7)",,"(-5.5, 9.6, -3.8)",,11.7,,6924.6,,1936.0,
,,10.0,,"(-214.7, -55.7, 22.7)",,"(-2.8, 0.0, 0.0)",,2.8,,8773.6,,2223.0,
,,11.0,,"(-214.7, -55.9, 22.7)",,"(-0.0, -0.2, 0.0)",,0.2,,6350.2,,1793.1,
,,12.0,,"(-219.4, -60.3, 30.3)",,"(-4.8, -4.5, 7.6)",,10.0,,7068.1,,1888.5,
,,13.0,,"(-218.5, -53.4, 26.5)",,"(0.9, 6.9, -3.8)",,8.0,,8542.6,,2263.4,
,,14.0,,"(-218.5, -49.9, 22.7)",,"(-0.0, 3.5, -3.8)",,5.2,,6875.8,,1993.6,
,,15.0,,"(-223.5, -46.2, 22.7)",,"(-5.0, 3.6, 0.0)",,6.2,,8284.3,,2326.6,
,,16.0,,"(-226.6, -35.8, 15.2)",,"(-3.1, 10.5, -7.6)",,13.3,,7203.5,,2042.1,
,,17.0,,"(-230.2, -24.9, 15.2)",,"(-3.6, 10.9, 0.0)",,11.4,,6284.3,,1830.4,
,,18.0,,"(-226.6, -13.5, 18.9)",,"(3.6, 11.5, 3.8)",,12.6,,2069.7,,852.9,
,,19.0,,"(-228.6, -17.8, 18.9)",,"(-1.9, -4.3, 0.0)",,4.7,,3317.2,,1123.1,
,,20.0,,"(-228.9, -5.1, 11.4)",,"(-0.3, 12.6, -7.6)",,14.7,,2589.9,,957.8,
,,21.0,,"(-235.5, 3.4, 11.4)",,"(-6.6, 8.5, 0.0)",,10.8,,3746.7,,1219.3,
,,22.0,,"(-239.5, -0.3, 11.4)",,"(-4.0, -3.7, 0.0)",,5.5,,3488.9,,1184.9,
,,23.0,,"(-243.7, -7.8, 15.2)",,"(-4.2, -7.5, 3.8)",,9.4,,4178.5,,1300.3,
,,24.0,,"(-245.4, -17.3, 11.4)",,"(-1.7, -9.5, -3.8)",,10.3,,3775.1,,1273.0,
,,25.0,,"(-250.8, -21.5, 11.4)",,"(-5.4, -4.2, 0.0)",,6.8,,3510.1,,1206.9,
,,26.0,,"(-256.1, -17.4, 11.4)",,"(-5.4, 4.1, 0.0)",,6.8,,4296.1,,1410.0,
,,27.0,,"(-259.0, -16.8, 15.2)",,"(-2.9, 0.5, 3.8)",,4.8,,3854.8,,1297.4,
,,28.0,,"(-268.6, -11.3, 15.2)",,"(-9.6, 5.5, 0.0)",,11.0,,4829.6,,1467.6,
,,29.0,,"(-272.4, -15.3, 15.2)",,"(-3.8, -4.0, 0.0)",,5.5,,4996.1,,1548.5,
,,30.0,,"(-270.3, -18.3, 18.9)",,"(2.1, -2.9, 3.8)",,5.2,,4551.9,,1410.2,
"8_(0, 0, 255)_Cell3D",,,,,,,,,,,,,
,,0.0,,"(-191.7, 62.0, 34.1)",,,,,,5441.6,,1741.1,
,,1.0,,"(-193.4, 59.5, 30.3)",,"(-1.8, -2.5, -3.8)",,4.9,,4810.2,,1483.3,
,,2.0,,"(-194.7, 64.5, 34.1)",,"(-1.2, 5.1, 3.8)",,6.4,,5260.9,,1679.4,
,,3.0,,"(-201.1, 63.7, 41.7)",,"(-6.4, -0.8, 7.6)",,10.0,,6094.3,,1826.4,
,,4.0,,"(-201.9, 71.4, 45.5)",,"(-0.8, 7.6, 3.8)",,8.6,,6624.3,,1845.2,
,,5.0,,"(-201.4, 75.5, 45.5)",,"(0.4, 4.1, 0.0)",,4.2,,6313.4,,1785.4,
,,6.0,,"(-207.1, 73.9, 53.0)",,"(-5.6, -1.6, 7.6)",,9.6,,5235.6,,1661.5,
,,7.0,,"(-211.1, 65.0, 56.8)",,"(-4.0, -8.9, 3.8)",,10.5,,5673.2,,1793.7,
,,8.0,,"(-213.1, 49.1, 53.0)",,"(-2.0, -15.8, -3.8)",,16.4,,4665.0,,1561.7,
,,9.0,,"(-212.9, 52.8, 53.0)",,"(0.2, 3.7, 0.0)",,3.7,,5198.0,,1613.7,
,,10.0,,"(-212.3, 56.2, 49.2)",,"(0.6, 3.3, -3.8)",,5.1,,6274.7,,1856.5,
,,11.0,,"(-210.1, 55.5, 49.2)",,"(2.2, -0.6, 0.0)",,2.3,,6474.3,,1890.9,
,,12.0,,"(-215.8, 50.9, 45.5)",,"(-5.7, -4.6, -3.8)",,8.3,,5583.3,,1682.9,
,,13.0,,"(-222.5, 43.2, 45.5)",,"(-6.8, -7.7, 0.0)",,10.2,,4832.1,,1594.7,
,,14.0,,"(-220.9, 48.0, 45.5)",,"(1.6, 4.9, 0.0)",,5.1,,5535.6,,1664.8,
,,15.0,,"(-223.1, 46.5, 45.5)",,"(-2.2, -1.6, 0.0)",,2.7,,5882.1,,1790.4,
,,16.0,,"(-226.8, 43.7, 56.8)",,"(-3.6, -2.8, 11.4)",,12.3,,7720.3,,2072.9,
,,17.0,,"(-232.0, 40.6, 56.8)",,"(-5.2, -3.1, 0.0)",,6.1,,6722.8,,1952.6,
,,18.0,,"(-239.8, 24.8, 64.4)",,"(-7.8, -15.7, 7.6)",,19.1,,7405.7,,2194.6,
,,19.0,,"(-238.7, 20.9, 60.6)",,"(1.1, -4.0, -3.8)",,5.6,,6097.8,,1836.7,
,,20.0,,"(-237.4, 31.9, 60.6)",,"(1.3, 11.0, 0.0)",,11.1,,7133.1,,2002.0,
,,21.0,,"(-236.5, 41.1, 53.0)",,"(0.9, 9.2, -7.6)",,11.9,,5375.3,,1900.9,
,,22.0,,"(-238.9, 39.0, 60.6)",,"(-2.4, -2.1, 7.6)",,8.2,,5609.5,,1718.9,
,,23.0,,"(-240.1, 28.7, 60.6)",,"(-1.2, -10.3, 0.0)",,10.3,,7148.9,,2043.7,
,,24.0,,"(-246.8, 24.2, 64.4)",,"(-6.7, -4.5, 3.8)",,8.9,,6994.0,,2014.3,
,,25.0,,"(-250.3, 13.2, 64.4)",,"(-3.5, -11.0, 0.0)",,11.5,,7456.7,,2013.0,
,,26.0,,"(-250.3, 17.2, 68.2)",,"(-0.0, 3.9, 3.8)",,5.5,,8514.7,,2145.1,
,,27.0,,"(-253.5, 13.9, 68.2)",,"(-3.2, -3.2, 0.0)",,4.6,,5392.1,,1779.8,
,,28.0,,"(-249.6, 11.9, 64.4)",,"(3.9, -2.0, -3.8)",,5.8,,764.2,,757.3,
,,29.0,,"(-254.0, 17.1, 64.4)",,"(-4.4, 5.2, 0.0)",,6.8,,2075.2,,852.4,
,,30.0,,"(-255.7, 19.6, 68.2)",,"(-1.7, 2.4, 3.8)",,4.8,,3690.1,,1225.3,
"9_(0, 0, 255)_Cell3D",,,,,,,,,,,,,
,,0.0,,,,,,,,,,,
,,1.0,,,,,,,,,,,
,,2.0,,,,,,,,,,,
,,3.0,,,,,,,,,,,
,,4.0,,,,,,,,,,,
,,5.0,,,,,,,,,,,
,,6.0,,,,,,,,,,,
,,7.0,,,,,,,,,,,
,,8.0,,,,,,,,,,,
,,9.0,,,,,,,,,,,
,,10.0,,,,,,,,,,,
,,11.0,,,,,,,,,,,
,,12.0,,,,,,,,,,,
,,13.0,,,,,,,,,,,
,,14.0,,,,,,,,,,,
,,15.0,,,,,,,,,,,
,,16.0,,,,,,,,,,,
,,17.0,,,,,,,,,,,
,,18.0,,"(-240.3, -42.5, 18.9)",,,,,,2380.9,,911.3,
,,19.0,,"(-233.5, -46.8, 18.9)",,"(6.8, -4.3, 0.0)",,8.1,,3305.9,,1134.5,
,,20.0,,"(-232.4, -37.1, 18.9)",,"(1.1, 9.7, 0.0)",,9.8,,3036.2,,1081.7,
,,21.0,,"(-232.9, -29.8, 18.9)",,"(-0.5, 7.3, 0.0)",,7.3,,3098.6,,1099.2,
,,22.0,,"(-231.7, -33.6, 18.9)",,"(1.2, -3.8, 0.0)",,4.0,,3654.6,,1201.0,
,,23.0,,"(-236.9, -38.2, 18.9)",,"(-5.3, -4.6, 0.0)",,7.0,,4244.9,,1318.3,
,,24.0,,"(-242.9, -46.0, 26.5)",,"(-6.0, -7.8, 7.6)",,12.4,,3033.6,,1104.9,
,,25.0,,"(-244.5, -47.8, 22.7)",,"(-1.6, -1.8, -3.8)",,4.5,,4288.8,,1343.7,
,,26.0,,"(-249.1, -44.0, 26.5)",,"(-4.6, 3.8, 3.8)",,7.1,,3994.0,,1288.4,
,,27.0,,"(-255.6, -42.6, 26.5)",,"(-6.4, 1.4, 0.0)",,6.6,,3328.2,,1157.1,
,,28.0,,"(-261.4, -38.9, 22.7)",,"(-5.8, 3.7, -3.8)",,7.9,,5141.1,,1536.3,
,,29.0,,"(-265.9, -41.5, 30.3)",,"(-4.5, -2.6, 7.6)",,9.2,,5676.8,,1647.7,
,,30.0,,"(-265.8, -37.5, 37.9)",,"(0.1, 4.0, 7.6)",,8.6,,6160.5,,1767.7,
"12_(0, 0, 255)_Cell3D",,,,,,,,,,,,,
,,0.0,,,,,,,,,,,
,,1.0,,,,,,,,,,,
,,2.0,,,,,,,,,,,
,,3.0,,,,,,,,,,,
,,4.0,,,,,,,,,,,
,,5.0,,,,,,,,,,,
,,6.0,,,,,,,,,,,
,,7.0,,,,,,,,,,,
,,8.0,,,,,,,,,,,
,,9.0,,,,,,,,,,,
,,10.0,,,,,,,,,,,
,,11.0,,,,,,,,,,,
,,12.0,,,,,,,,,,,
,,13.0,,,,,,,,,,,
,,14.0,,,,,,,,,,,
,,15.0,,,,,,,,,,,
,,16.0,,,,,,,,,,,
,,17.0,,,,,,,,,,,
,,18.0,,,,,,,,,,,
,,19.0,,,,,,,,,,,
,,20.0,,,,,,,,,,,
,,21.0,,,,,,,,,,,
,,22.0,,,,,,,,,,,
,,23.0,,,,,,,,,,,
,,24.0,,,,,,,,,,,
,,25.0,,,,,,,,,,,
,,26.0,,,,,,,,,,,
,,27.0,,"(-345.8, 24.7, 26.5)",,,,,,1998.8,,845.1,
,,28.0,,"(-351.8, 45.2, 26.5)",,"(-6.0, 20.5, 0.0)",,21.3,,2727.2,,1002.5,
,,29.0,,"(-357.9, 42.8, 22.7)",,"(-6.1, -2.4, -3.8)",,7.6,,4202.7,,1349.0,
,,30.0,,"(-355.6, 51.2, 30.3)",,"(2.3, 8.4, 7.6)",,11.5,,4186.6,,1327.2,
"13_(0, 0, 255)_Cell3D",,,,,,,,,,,,,
,,0.0,,,,,,,,,,,
,,1.0,,,,,,,,,,,
,,2.0,,,,,,,,,,,
,,3.0,,,,,,,,,,,
,,4.0,,,,,,,,,,,
,,5.0,,,,,,,,,,,
,,6.0,,,,,,,,,,,
,,7.0,,,,,,,,,,,
,,8.0,,,,,,,,,,,
,,9.0,,,,,,,,,,,
,,10.0,,,,,,,,,,,
,,11.0,,,,,,,,,,,
,,12.0,,,,,,,,,,,
,,13.0,,,,,,,,,,,
,,14.0,,,,,,,,,,,
,,15.0,,,,,,,,,,,
,,16.0,,,,,,,,,,,
,,17.0,,,,,,,,,,,
,,18.0,,,,,,,,,,,
,,19.0,,,,,,,,,,,
,,20.0,,,,,,,,,,,
,,21.0,,,,,,,,,,,
,,22.0,,,,,,,,,,,
,,23.0,,,,,,,,,,,
,,24.0,,,,,,,,,,,
,,25.0,,,,,,,,,,,
,,26.0,,,,,,,,,,,
,,27.0,,,,,,,,,,,
,,28.0,,"(-244.9, 43.2, 49.2)",,,,,,1851.6,,774.5,
,,29.0,,"(-246.7, 36.7, 49.2)",,"(-1.8, -6.5, 0.0)",,6.7,,2363.7,,928.0,
,,30.0,,"(-246.0, 43.7, 53.0)",,"(0.7, 7.0, 3.8)",,8.0,,3235.3,,1143.5,
"14_(0, 255, 255)_Cell3D",,,,,,,,,,,,,
,,0.0,,"(-168.5, -2.2, 53.0)",,,,,,168623.2,,18902.9,
,,1.0,,"(-171.2, -3.3, 45.5)",,"(-2.8, -1.1, -7.6)",,8.1,,159868.6,,18415.0,
,,2.0,,"(-172.0, -4.5, 49.2)",,"(-0.7, -1.2, 3.8)",,4.0,,152513.0,,18609.6,
,,3.0,,"(-177.2, -4.8, 53.0)",,"(-5.2, -0.3, 3.8)",,6.5,,164604.5,,18945.0,
,,4.0,,"(-179.7, 4.4, 56.8)",,"(-2.5, 9.2, 3.8)",,10.3,,167425.4,,18679.5,
,,5.0,,"(-179.1, 8.1, 53.0)",,"(0.6, 3.7, -3.8)",,5.4,,152211.9,,17929.0,
,,6.0,,"(-179.6, 0.8, 53.0)",,"(-0.5, -7.4, 0.0)",,7.4,,135812.9,,17098.9,
,,7.0,,"(-181.8, -6.2, 56.8)",,"(-2.2, -7.0, 3.8)",,8.2,,168219.6,,19696.5,
,,8.0,,"(-179.4, -15.8, 56.8)",,"(2.3, -9.6, 0.0)",,9.9,,172112.9,,19987.3,
,,9.0,,"(-180.8, -9.3, 56.8)",,"(-1.4, 6.5, 0.0)",,6.7,,166300.3,,19831.9,
,,10.0,,"(-182.8, -7.1, 53.0)",,"(-2.0, 2.2, -3.8)",,4.8,,167670.9,,18492.8,
,,11.0,,"(-181.0, -7.8, 53.0)",,"(1.8, -0.7, 0.0)",,1.9,,164386.6,,19615.0,
,,12.0,,"(-184.4, -6.8, 53.0)",,"(-3.4, 1.0, 0.0)",,3.6,,164962.3,,19075.8,
,,13.0,,"(-185.5, -8.8, 53.0)",,"(-1.0, -2.0, 0.0)",,2.2,,159240.9,,19110.5,
,,14.0,,"(-186.1, -3.4, 56.8)",,"(-0.6, 5.4, 3.8)",,6.6,,160866.8,,18364.8,
,,15.0,,"(-187.5, -3.9, 45.5)",,"(-1.5, -0.5, -11.4)",,11.5,,159226.8,,17580.6,
,,16.0,,"(-188.5, -4.0, 53.0)",,"(-1.0, -0.1, 7.6)",,7.6,,155644.4,,17741.4,
,,17.0,,"(-190.6, 2.5, 53.0)",,"(-2.1, 6.5, 0.0)",,6.8,,160903.3,,19029.3,
,,18.0,,"(-192.3, -7.4, 53.0)",,"(-1.8, -9.9, 0.0)",,10.1,,168736.4,,18550.0,
,,19.0,,"(-189.7, -6.0, 53.0)",,"(2.7, 1.4, 0.0)",,3.0,,185941.8,,19931.1,
,,20.0,,"(-191.5, -3.6, 49.2)",,"(-1.8, 2.4, -3.8)",,4.8,,161525.2,,17986.9,
,,21.0,,"(-194.3, -3.9, 49.2)",,"(-2.8, -0.3, 0.0)",,2.8,,161942.6,,17140.6,
,,22.0,,"(-193.3, -5.1, 45.5)",,"(1.1, -1.1, -3.8)",,4.1,,152390.7,,16765.2,
,,23.0,,"(-195.1, -5.8, 49.2)",,"(-1.9, -0.7, 3.8)",,4.3,,160039.1,,17868.1,
,,24.0,,"(-197.6, -4.3, 49.2)",,"(-2.4, 1.5, 0.0)",,2.8,,165181.3,,17543.9,
,,25.0,,"(-196.6, -6.1, 49.2)",,"(1.0, -1.8, 0.0)",,2.0,,167148.8,,19123.9,
,,26.0,,"(-197.8, -0.4, 45.5)",,"(-1.2, 5.6, -3.8)",,6.9,,162793.3,,20116.4,
,,27.0,,"(-199.5, -1.1, 53.0)",,"(-1.7, -0.7, 7.6)",,7.8,,159965.7,,18245.3,
,,28.0,,"(-199.8, 3.6, 49.2)",,"(-0.3, 4.7, -3.8)",,6.0,,175305.7,,19082.2,
,,29.0,,"(-199.7, -1.4, 49.2)",,"(0.1, -5.0, 0.0)",,5.0,,184978.9,,20253.2,
,,30.0,,"(-198.8, 0.5, 56.8)",,"(0.9, 1.9, 7.6)",,7.9,,191244.3,,20512.7,
"15_(0, 255, 255)_Cell3D",,,,,,,,,,,,,
,,0.0,,,,,,,,,,,
,,1.0,,,,,,,,,,,
,,2.0,,,,,,,,,,,
,,3.0,,,,,,,,,,,
,,4.0,,,,,,,,,,,
,,5.0,,,,,,,,,,,
,,6.0,,"(-177.5, 21.6, 90.9)",,,,,,,,,
,,7.0,,,,,,,,,,,
,,8.0,,,,,,,,,,,
,,9.0,,,,,,,,,,,
,,10.0,,,,,,,,,,,
,,11.0,,,,,,,,,,,
,,12.0,,,,,,,,,,,
,,13.0,,,,,,,,,,,
,,14.0,,,,,,,,,,,
,,15.0,,,,,,,,,,,
,,16.0,,,,,,,,,,,
,,17.0,,,,,,,,,,,
,,18.0,,,,,,,,,,,
,,19.0,,,,,,,,,,,
,,20.0,,,,,,,,,,,
,,21.0,,,,,,,,,,,
,,22.0,,,,,,,,,,,
,,23.0,,,,,,,,,,,
,,24.0,,,,,,,,,,,
,,25.0,,,,,,,,,,,
,,26.0,,,,,,,,,,,
,,27.0,,,,,,,,,,,
,,28.0,,,,,,,,,,,
,,29.0,,,,,,,,,,,
,,30.0,,,,,,,,,,,
"16_(255, 0, 255)_Cell3D",,,,,,,,,,,,,
,,0.0,,"(-220.8, -7.9, 37.9)",,,,,,211635.9,,23037.1,
,,1.0,,"(-222.2, -6.9, 37.9)",,"(-1.4, 1.0, 0.0)",,1.7,,222886.2,,22081.1,
,,2.0,,"(-221.1, -4.9, 34.1)",,"(1.1, 1.9, -3.8)",,4.4,,218642.1,,21909.1,
,,3.0,,"(-228.2, -5.4, 34.1)",,"(-7.1, -0.4, 0.0)",,7.1,,235482.1,,22435.5,
,,4.0,,"(-231.3, 5.5, 41.7)",,"(-3.1, 10.8, 7.6)",,13.6,,215356.8,,21912.8,
,,5.0,,"(-230.4, 10.3, 45.5)",,"(0.9, 4.8, 3.8)",,6.2,,223427.2,,23132.0,
,,6.0,,"(-232.8, 8.8, 49.2)",,"(-2.4, -1.5, 3.8)",,4.7,,237844.7,,22570.5,
,,7.0,,"(-238.5, -2.1, 49.2)",,"(-5.7, -10.9, 0.0)",,12.3,,234487.2,,22289.9,
,,8.0,,"(-236.9, -19.0, 45.5)",,"(1.6, -16.9, -3.8)",,17.4,,232129.8,,22152.3,
,,9.0,,"(-240.5, -6.8, 41.7)",,"(-3.6, 12.1, -3.8)",,13.2,,224630.0,,22416.5,
,,10.0,,"(-239.4, -7.7, 41.7)",,"(1.0, -0.9, 0.0)",,1.4,,229854.1,,22629.6,
,,11.0,,"(-242.8, -4.4, 41.7)",,"(-3.3, 3.3, 0.0)",,4.7,,225456.5,,22031.9,
,,12.0,,"(-247.7, -5.3, 41.7)",,"(-5.0, -0.9, 0.0)",,5.0,,240531.5,,21534.5,
,,13.0,,"(-249.9, -9.2, 45.5)",,"(-2.1, -4.0, 3.8)",,5.9,,236048.1,,22041.3,
,,14.0,,"(-253.1, -6.5, 45.5)",,"(-3.2, 2.8, 0.0)",,4.3,,238849.5,,21736.3,
,,15.0,,"(-255.6, -7.0, 45.5)",,"(-2.5, -0.5, 0.0)",,2.5,,259641.2,,23839.3,
,,16.0,,"(-260.3, -8.9, 45.5)",,"(-4.7, -1.9, 0.0)",,5.1,,284652.4,,23797.3,
,,17.0,,"(-265.5, -3.0, 45.5)",,"(-5.2, 6.0, 0.0)",,7.9,,238899.7,,21858.4,
,,18.0,,"(-274.1, -8.7, 45.5)",,"(-8.6, -5.8, 0.0)",,10.3,,231359.4,,22130.6,
,,19.0,,"(-275.6, -9.8, 41.7)",,"(-1.5, -1.1, -3.8)",,4.2,,255529.3,,23146.3,
,,20.0,,"(-279.2, -3.4, 41.7)",,"(-3.5, 6.4, 0.0)",,7.3,,262334.6,,24138.2,
,,21.0,,"(-284.9, -4.8, 45.5)",,"(-5.8, -1.4, 3.8)",,7.0,,264727.9,,23340.2,
,,22.0,,"(-286.6, -11.8, 37.9)",,"(-1.7, -7.0, -7.6)",,10.4,,251293.1,,22592.3,
,,23.0,,"(-290.2, -13.2, 37.9)",,"(-3.5, -1.4, 0.0)",,3.8,,241618.6,,22692.2,
,,24.0,,"(-293.4, -6.4, 37.9)",,"(-3.2, 6.8, 0.0)",,7.5,,267769.3,,23211.6,
,,25.0,,"(-297.2, -9.3, 37.9)",,"(-3.8, -2.9, 0.0)",,4.8,,289863.5,,23908.6,
,,26.0,,"(-304.6, -7.5, 37.9)",,"(-7.4, 1.8, 0.0)",,7.6,,271867.9,,23397.1,
,,27.0,,"(-309.0, -5.1, 37.9)",,"(-4.4, 2.4, 0.0)",,5.1,,279235.7,,23279.2,
,,28.0,,"(-314.3, 0.3, 37.9)",,"(-5.3, 5.4, 0.0)",,7.6,,287641.4,,23515.1,
,,29.0,,"(-322.6, -3.1, 34.1)",,"(-8.3, -3.4, -3.8)",,9.7,,282038.1,,24484.2,
,,30.0,,"(-319.8, 0.0, 41.7)",,"(2.8, 3.1, 7.6)",,8.6,,286920.0,,24514.6,
"17_(255, 0, 255)_Cell3D",,,,,,,,,,,,,
,,0.0,,"(-153.6, -64.7, 41.7)",,,,,,7182.3,,2086.1,
,,1.0,,"(-152.2, -60.4, 37.9)",,"(1.4, 4.4, -3.8)",,5.9,,4151.1,,1472.7,
,,2.0,,"(-151.3, -37.2, 15.2)",,"(0.9, 23.2, -22.7)",,32.5,,6481.5,,2022.9,
,,3.0,,"(-154.7, -40.0, 15.2)",,"(-3.4, -2.8, 0.0)",,4.4,,7088.7,,2147.1,
,,4.0,,"(-158.8, -30.0, 15.2)",,"(-4.1, 10.1, 0.0)",,10.9,,6464.2,,1951.8,
,,5.0,,"(-160.2, -22.0, 15.2)",,"(-1.3, 7.9, 0.0)",,8.0,,7957.4,,2174.9,
,,6.0,,"(-159.4, -9.2, 15.2)",,"(0.8, 12.8, 0.0)",,12.9,,8073.4,,2392.3,
,,7.0,,"(-162.8, -2.5, 11.4)",,"(-3.5, 6.7, -3.8)",,8.4,,4846.9,,1728.4,
,,8.0,,"(-163.4, -24.7, 15.2)",,"(-0.6, -22.2, 3.8)",,22.5,,6105.3,,2053.5,
,,9.0,,"(-162.8, -20.9, 15.2)",,"(0.6, 3.8, 0.0)",,3.9,,5853.8,,1918.3,
,,10.0,,"(-168.1, -22.2, 11.4)",,"(-5.3, -1.4, -3.8)",,6.7,,5560.5,,1843.9,
,,11.0,,"(-165.6, -40.1, 15.2)",,"(2.5, -17.9, 3.8)",,18.5,,6455.5,,1985.2,
,,12.0,,"(-169.0, -45.3, 22.7)",,"(-3.4, -5.1, 7.6)",,9.7,,7154.3,,2059.1,
,,13.0,,"(-165.0, -51.4, 22.7)",,"(4.0, -6.2, 0.0)",,7.4,,3619.4,,1216.5,
,,14.0,,"(-164.3, -36.6, 30.3)",,"(0.7, 14.8, 7.6)",,16.7,,,,,
,,15.0,,"(-170.9, -36.4, 22.7)",,"(-6.6, 0.2, -7.6)",,10.0,,3204.5,,1139.1,
,,16.0,,"(-170.6, -41.3, 22.7)",,"(0.4, -4.9, 0.0)",,5.0,,3205.8,,1201.9,
,,17.0,,"(-172.0, -41.1, 26.5)",,"(-1.4, 0.2, 3.8)",,4.1,,3049.7,,1085.2,
,,18.0,,"(-174.9, -50.0, 26.5)",,"(-2.9, -8.8, 0.0)",,9.3,,2798.1,,1047.4,
,,19.0,,"(-175.7, -44.6, 26.5)",,"(-0.8, 5.3, 0.0)",,5.4,,3513.0,,1206.0,
,,20.0,,"(-174.7, -46.4, 26.5)",,"(1.0, -1.8, 0.0)",,2.1,,6930.4,,2325.6,
,,21.0,,"(-176.2, -51.3, 37.9)",,"(-1.4, -4.9, 11.4)",,12.4,,7449.8,,2390.9,
,,22.0,,"(-170.8, -48.0, 34.1)",,"(5.3, 3.3, -3.8)",,7.3,,3663.4,,1231.9,
,,23.0,,"(-172.8, -52.3, 37.9)",,"(-1.9, -4.3, 3.8)",,6.0,,3849.2,,1290.4,
,,24.0,,"(-173.2, -43.9, 30.3)",,"(-0.5, 8.4, -7.6)",,11.3,,4773.1,,1579.2,
,,25.0,,"(-171.3, -48.5, 30.3)",,"(2.0, -4.5, 0.0)",,4.9,,4425.6,,1424.7,
,,26.0,,"(-178.0, -43.6, 30.3)",,"(-6.7, 4.9, 0.0)",,8.3,,3908.8,,1303.1,
,,27.0,,"(-179.9, -41.1, 26.5)",,"(-1.9, 2.5, -3.8)",,4.9,,2506.8,,1003.4,
,,28.0,,"(-181.6, -15.1, 15.2)",,"(-1.7, 26.0, -11.4)",,28.4,,3806.8,,1650.5,
,,29.0,,"(-181.2, -19.5, 15.2)",,"(0.4, -4.3, 0.0)",,4.3,,4759.3,,1748.7,
,,30.0,,"(-182.2, -22.0, 18.9)",,"(-1.0, -2.6, 3.8)",,4.7,,3964.6,,1482.1,
"18_(255, 0, 255)_Cell3D",,,,,,,,,,,,,
,,0.0,,"(-161.2, 67.7, 53.0)",,,,,,4240.1,,1532.0,
,,1.0,,"(-167.0, 65.9, 45.5)",,"(-5.8, -1.8, -7.6)",,9.7,,4541.8,,1532.3,
,,2.0,,"(-164.0, 68.7, 45.5)",,"(3.0, 2.7, 0.0)",,4.1,,4272.2,,1514.6,
,,3.0,,"(-162.8, 69.8, 45.5)",,"(1.1, 1.2, 0.0)",,1.6,,4789.4,,1598.5,
,,4.0,,"(-155.3, 80.3, 45.5)",,"(7.6, 10.4, 0.0)",,12.9,,4162.7,,1449.6,
,,5.0,,"(-156.7, 81.7, 45.5)",,"(-1.4, 1.4, 0.0)",,2.0,,4846.4,,1653.9,
,,6.0,,"(-157.0, 77.7, 37.9)",,"(-0.4, -4.0, -7.6)",,8.6,,3991.4,,1525.2,
,,7.0,,"(-162.3, 67.9, 37.9)",,"(-5.3, -9.8, 0.0)",,11.2,,4356.9,,1514.7,
,,8.0,,"(-164.9, 51.0, 34.1)",,"(-2.6, -16.9, -3.8)",,17.5,,4176.4,,1526.1,
,,9.0,,"(-162.0, 62.0, 37.9)",,"(3.0, 11.0, 3.8)",,12.0,,6528.8,,2039.9,
,,10.0,,"(-158.6, 65.8, 34.1)",,"(3.3, 3.8, -3.8)",,6.3,,4510.3,,1595.7,
,,11.0,,"(-156.3, 72.0, 34.1)",,"(2.3, 6.2, 0.0)",,6.6,,4358.1,,1681.7,
,,12.0,,"(-160.9, 66.1, 34.1)",,"(-4.6, -6.0, 0.0)",,7.5,,4953.3,,1767.3,
,,13.0,,"(-164.5, 62.5, 34.1)",,"(-3.6, -3.6, 0.0)",,5.1,,4955.2,,1758.2,
,,14.0,,"(-160.2, 64.0, 30.3)",,"(4.3, 1.5, -3.8)",,5.9,,4962.6,,1695.5,
,,15.0,,"(-159.9, 69.8, 30.3)",,"(0.3, 5.7, 0.0)",,5.8,,4875.6,,1690.5,
,,16.0,,"(-159.6, 58.5, 30.3)",,"(0.3, -11.3, 0.0)",,11.3,,4130.6,,1509.7,
,,17.0,,"(-163.8, 56.1, 30.3)",,"(-4.3, -2.4, 0.0)",,4.9,,5906.7,,2022.1,
,,18.0,,"(-166.5, 45.4, 30.3)",,"(-2.7, -10.7, 0.0)",,11.0,,6318.9,,1990.0,
,,19.0,,"(-165.9, 34.5, 22.7)",,"(0.6, -10.8, -7.6)",,13.2,,5644.5,,2026.7,
,,20.0,,"(-165.7, 44.9, 22.7)",,"(0.2, 10.4, 0.0)",,10.4,,4325.9,,1642.4,
,,21.0,,"(-169.4, 37.6, 22.7)",,"(-3.7, -7.3, 0.0)",,8.2,,5252.6,,1810.3,
,,22.0,,"(-161.9, 34.2, 22.7)",,"(7.5, -3.4, 0.0)",,8.2,,7061.2,,2181.3,
,,23.0,,"(-166.7, 21.1, 18.9)",,"(-4.8, -13.1, -3.8)",,14.5,,5984.5,,1962.9,
,,24.0,,"(-164.0, 28.8, 22.7)",,"(2.7, 7.8, 3.8)",,9.1,,8274.4,,2503.3,
,,25.0,,"(-167.7, 16.9, 22.7)",,"(-3.8, -11.9, 0.0)",,12.5,,7516.3,,2328.5,
,,26.0,,"(-176.4, 26.5, 22.7)",,"(-8.6, 9.6, 0.0)",,12.9,,4352.3,,1838.5,
,,27.0,,"(-174.7, 18.2, 22.7)",,"(1.6, -8.4, 0.0)",,8.5,,5101.1,,1607.3,
,,28.0,,"(-172.2, 28.2, 22.7)",,"(2.6, 10.1, 0.0)",,10.4,,7287.6,,2358.2,
,,29.0,,"(-176.3, 12.8, 22.7)",,"(-4.1, -15.4, 0.0)",,16.0,,7079.1,,2022.4,
,,30.0,,"(-177.6, 14.9, 22.7)",,"(-1.3, 2.1, 0.0)",,2.4,,7348.7,,2049.0,
"19_(255, 0, 255)_Cell3D",,,,,,,,,,,,,
,,0.0,,,,,,,,,,,
,,1.0,,,,,,,,,,,
,,2.0,,,,,,,,,,,
,,3.0,,,,,,,,,,,
,,4.0,,,,,,,,,,,
,,5.0,,,,,,,,,,,
,,6.0,,,,,,,,,,,
,,7.0,,,,,,,,,,,
,,8.0,,,,,,,,,,,
,,9.0,,,,,,,,,,,
,,10.0,,,,,,,,,,,
,,11.0,,,,,,,,,,,
,,12.0,,,,,,,,,,,
,,13.0,,,,,,,,,,,
,,14.0,,"(-167.8, -49.8, 41.7)",,,,,,1845.1,,830.3,
,,15.0,,"(-170.8, -59.3, 45.5)",,"(-2.9, -9.5, 3.8)",,10.6,,2982.4,,1097.8,
,,16.0,,"(-176.3, -61.9, 41.7)",,"(-5.6, -2.6, -3.8)",,7.2,,2300.4,,918.1,
,,17.0,,"(-184.8, -53.8, 37.9)",,"(-8.5, 8.1, -3.8)",,12.3,,3781.2,,1264.2,
,,18.0,,"(-179.9, -65.7, 41.7)",,"(4.9, -12.0, 3.8)",,13.5,,2665.5,,999.0,
,,19.0,,"(-178.9, -63.3, 41.7)",,"(1.0, 2.5, 0.0)",,2.7,,2832.8,,1097.2,
,,20.0,,,,,,,,,,,
,,21.0,,,,,,,,,,,
,,22.0,,,,,,,,,,,
,,23.0,,,,,,,,,,,
,,24.0,,,,,,,,,,,
,,25.0,,,,,,,,,,,
,,26.0,,,,,,,,,,,
,,27.0,,,,,,,,,,,
,,28.0,,,,,,,,,,,
,,29.0,,,,,,,,,,,
,,30.0,,,,,,,,,,,
"20_(255, 0, 255)_Cell3D",,,,,,,,,,,,,
,,0.0,,,,,,,,,,,
,,1.0,,,,,,,,,,,
,,2.0,,,,,,,,,,,
,,3.0,,,,,,,,,,,
,,4.0,,,,,,,,,,,
,,5.0,,,,,,,,,,,
,,6.0,,,,,,,,,,,
,,7.0,,,,,,,,,,,
,,8.0,,,,,,,,,,,
,,9.0,,,,,,,,,,,
,,10.0,,,,,,,,,,,
,,11.0,,,,,,,,,,,
,,12.0,,,,,,,,,,,
,,13.0,,,,,,,,,,,
,,14.0,,,,,,,,,,,
,,15.0,,,,,,,,,,,
,,16.0,,,,,,,,,,,
,,17.0,,,,,,,,,,,
,,18.0,,,,,,,,,,,
,,19.0,,,,,,,,,,,
,,20.0,,,,,,,,,,,
,,21.0,,,,,,,,,,,
,,22.0,,"(-178.4, -58.5, 53.0)",,,,,,4553.1,,1409.5,
,,23.0,,"(-184.7, -59.8, 56.8)",,"(-6.3, -1.4, 3.8)",,7.5,,2507.7,,954.7,
,,24.0,,"(-192.1, -59.9, 53.0)",,"(-7.4, -0.1, -3.8)",,8.3,,3800.1,,1367.4,
,,25.0,,"(-194.0, -59.0, 56.8)",,"(-1.9, 1.0, 3.8)",,4.3,,2520.3,,1007.4,
,,26.0,,"(-207.7, -53.0, 56.8)",,"(-13.7, 5.9, 0.0)",,14.9,,2671.6,,1072.5,
,,27.0,,"(-214.8, -48.4, 56.8)",,"(-7.2, 4.7, 0.0)",,8.6,,2516.6,,1044.9,
,,28.0,,"(-214.1, -42.6, 60.6)",,"(0.8, 5.7, 3.8)",,6.9,,2404.8,,1107.7,
,,29.0,,"(-216.0, -50.6, 56.8)",,"(-1.9, -8.0, -3.8)",,9.1,,4572.1,,1610.0,
,,30.0,,"(-211.8, -50.8, 49.2)",,"(4.2, -0.2, -7.6)",,8.7,,4577.2,,1566.3,
"21_(200, 200, 0)_Cell3D",,,,,,,,,,,,,
,,0.0,,"(-135.3, -9.8, 7.6)",,,,,,4884.1,,1692.8,
,,1.0,,"(-139.6, -8.3, 7.6)",,"(-4.3, 1.5, 0.0)",,4.5,,6359.2,,1968.4,
,,2.0,,"(-136.7, -6.3, 7.6)",,"(2.9, 2.0, 0.0)",,3.5,,5035.4,,1770.5,
,,3.0,,"(-143.6, -5.5, 15.2)",,"(-6.9, 0.8, 7.6)",,10.3,,4418.6,,1515.9,
,,4.0,,"(-148.2, 0.2, 22.7)",,"(-4.6, 5.7, 7.6)",,10.5,,4933.8,,1578.6,
,,5.0,,"(-141.9, -2.5, 22.7)",,"(6.2, -2.6, 0.0)",,6.8,,5371.1,,1740.9,
,,6.0,,"(-138.2, -10.5, 22.7)",,"(3.7, -8.0, 0.0)",,8.8,,6337.5,,1932.6,
,,7.0,,"(-139.1, -11.6, 15.2)",,"(-0.9, -1.2, -7.6)",,7.7,,5766.4,,1835.2,
,,8.0,,"(-141.0, -22.2, 22.7)",,"(-1.9, -10.6, 7.6)",,13.1,,6141.7,,1960.2,
,,9.0,,"(-141.0, -20.0, 22.7)",,"(0.0, 2.2, 0.0)",,2.2,,5371.7,,1755.8,
,,10.0,,"(-146.2, -13.1, 15.2)",,"(-5.2, 6.9, -7.6)",,11.5,,5458.6,,1792.1,
,,11.0,,"(-141.7, -13.0, 18.9)",,"(4.5, 0.0, 3.8)",,5.9,,7470.3,,2213.5,
,,12.0,,"(-144.7, -11.3, 22.7)",,"(-3.0, 1.8, 3.8)",,5.2,,6238.1,,1949.3,
,,13.0,,"(-143.3, -17.8, 22.7)",,"(1.4, -6.5, 0.0)",,6.7,,4922.7,,1683.5,
,,14.0,,"(-134.0, -24.2, 22.7)",,"(9.3, -6.4, 0.0)",,11.3,,4953.6,,1698.1,
,,15.0,,"(-141.0, -19.4, 18.9)",,"(-7.0, 4.8, -3.8)",,9.3,,5513.2,,1825.7,
,,16.0,,"(-142.7, -18.0, 22.7)",,"(-1.7, 1.5, 3.8)",,4.4,,4957.0,,1596.9,
,,17.0,,"(-143.2, -19.7, 15.2)",,"(-0.6, -1.7, -7.6)",,7.8,,5809.1,,1710.5,
,,18.0,,"(-140.7, -33.3, 18.9)",,"(2.6, -13.7, 3.8)",,14.4,,7281.5,,2034.9,
,,19.0,,"(-135.9, -35.2, 18.9)",,"(4.8, -1.8, 0.0)",,5.1,,5194.9,,1737.3,
,,20.0,,"(-137.9, -37.8, 18.9)",,"(-2.0, -2.6, 0.0)",,3.3,,4639.4,,1509.5,
,,21.0,,"(-138.6, -36.4, 22.7)",,"(-0.7, 1.3, 3.8)",,4.1,,6456.3,,1858.7,
,,22.0,,"(-137.7, -28.7, 18.9)",,"(0.9, 7.7, -3.8)",,8.7,,4971.1,,1625.3,
,,23.0,,"(-138.1, -49.3, 30.3)",,"(-0.4, -20.6, 11.4)",,23.6,,5433.5,,1735.0,
,,24.0,,"(-139.1, -42.2, 30.3)",,"(-1.0, 7.1, 0.0)",,7.2,,6011.9,,1793.0,
,,25.0,,"(-137.4, -40.3, 22.7)",,"(1.7, 1.9, -7.6)",,8.0,,6051.7,,1836.5,
,,26.0,,"(-148.7, -37.7, 26.5)",,"(-11.3, 2.6, 3.8)",,12.2,,5501.0,,1662.9,
,,27.0,,"(-158.4, -46.8, 37.9)",,"(-9.7, -9.1, 11.4)",,17.5,,6551.9,,1903.3,
,,28.0,,"(-155.9, -50.8, 37.9)",,"(2.5, -4.0, 0.0)",,4.8,,6712.5,,1987.7,
,,29.0,,"(-150.5, -54.2, 41.7)",,"(5.4, -3.4, 3.8)",,7.4,,7082.4,,2057.7,
,,30.0,,"(-150.5, -47.9, 45.5)",,"(0.0, 6.3, 3.8)",,7.4,,6503.2,,2070.9,
"22_(200, 200, 0)_Cell3D",,,,,,,,,,,,,
,,0.0,,"(-285.8, -30.4, 26.5)",,,,,,6594.9,,2027.0,
,,1.0,,"(-287.4, -35.8, 22.7)",,"(-1.5, -5.5, -3.8)",,6.8,,5056.2,,1642.3,
,,2.0,,"(-287.3, -24.3, 22.7)",,"(0.1, 11.5, 0.0)",,11.5,,4833.2,,1630.2,
,,3.0,,"(-293.8, -25.9, 26.5)",,"(-6.5, -1.6, 3.8)",,7.7,,6043.0,,1902.3,
,,4.0,,"(-297.8, -7.1, 30.3)",,"(-4.0, 18.7, 3.8)",,19.5,,4609.7,,1632.6,
,,5.0,,"(-299.3, 1.4, 37.9)",,"(-1.5, 8.5, 7.6)",,11.5,,5221.3,,1718.8,
,,6.0,,"(-304.2, 5.8, 45.5)",,"(-4.9, 4.4, 7.6)",,10.0,,4623.3,,1705.0,
,,7.0,,"(-309.5, -1.7, 45.5)",,"(-5.4, -7.5, 0.0)",,9.2,,4776.7,,1820.6,
,,8.0,,"(-311.6, -19.5, 45.5)",,"(-2.0, -17.7, 0.0)",,17.8,,5789.3,,2025.6,
,,9.0,,"(-314.0, -10.4, 41.7)",,"(-2.4, 9.1, -3.8)",,10.1,,5720.7,,2040.1,
,,10.0,,"(-317.8, -11.0, 41.7)",,"(-3.7, -0.6, 0.0)",,3.8,,6160.5,,2076.0,
,,11.0,,"(-318.6, -13.4, 41.7)",,"(-0.9, -2.4, 0.0)",,2.5,,6315.7,,2014.9,
,,12.0,,"(-320.4, -16.8, 34.1)",,"(-1.7, -3.4, -7.6)",,8.5,,6475.5,,2053.4,
,,13.0,,"(-321.8, -23.1, 34.1)",,"(-1.5, -6.3, 0.0)",,6.5,,5386.2,,1846.0,
,,14.0,,"(-321.2, -17.0, 30.3)",,"(0.6, 6.1, -3.8)",,7.2,,5427.6,,1863.3,
,,15.0,,"(-326.4, -10.8, 22.7)",,"(-5.2, 6.2, -7.6)",,11.1,,4989.5,,1677.7,
,,16.0,,"(-330.2, -14.9, 26.5)",,"(-3.8, -4.0, 3.8)",,6.7,,5913.7,,1942.5,
,,17.0,,"(-335.4, -12.6, 30.3)",,"(-5.2, 2.3, 3.8)",,6.9,,5798.0,,1860.7,
,,18.0,,"(-340.9, -17.9, 30.3)",,"(-5.4, -5.3, 0.0)",,7.6,,5713.1,,1935.3,
,,19.0,,"(-342.7, -22.1, 30.3)",,"(-1.8, -4.2, 0.0)",,4.5,,5955.9,,1969.8,
,,20.0,,"(-349.7, -9.5, 30.3)",,"(-7.0, 12.6, 0.0)",,14.4,,4197.9,,1583.2,
,,21.0,,"(-354.3, -10.3, 30.3)",,"(-4.7, -0.9, 0.0)",,4.7,,5651.6,,1942.5,
,,22.0,,"(-355.4, -12.7, 30.3)",,"(-1.1, -2.4, 0.0)",,2.6,,6121.4,,2029.7,
,,23.0,,"(-362.1, -13.5, 30.3)",,"(-6.7, -0.7, 0.0)",,6.7,,6068.7,,1837.6,
,,24.0,,"(-363.7, -2.2, 30.3)",,"(-1.7, 11.3, 0.0)",,11.4,,5706.6,,1875.8,
,,25.0,,"(-366.1, -6.0, 30.3)",,"(-2.4, -3.8, 0.0)",,4.5,,6624.5,,2099.1,
,,26.0,,"(-377.0, 4.0, 30.3)",,"(-10.9, 10.0, 0.0)",,14.8,,6224.9,,2058.2,
,,27.0,,"(-379.5, -2.9, 45.5)",,"(-2.5, -6.9, 15.2)",,16.8,,5609.6,,1961.8,
,,28.0,,"(-377.4, 3.5, 45.5)",,"(2.0, 6.4, 0.0)",,6.7,,6641.5,,2118.2,
,,29.0,,"(-384.2, 3.9, 41.7)",,"(-6.7, 0.4, -3.8)",,7.7,,7320.3,,2408.7,
,,30.0,,"(-383.3, 15.7, 45.5)",,"(0.8, 11.8, 3.8)",,12.4,,6546.6,,2045.5,
"23_(200, 0, 100)_Cell3D",,,,,,,,,,,,,
,,0.0,,"(-143.3, -33.9, 15.2)",,,,,,5228.8,,1824.3,
,,1.0,,"(-146.8, -29.3, 15.2)",,"(-3.5, 4.6, 0.0)",,5.8,,4114.6,,1583.4,
,,2.0,,"(-139.6, -30.2, 22.7)",,"(7.2, -0.9, 7.6)",,10.5,,5923.1,,2010.5,
,,3.0,,"(-143.4, -35.4, 22.7)",,"(-3.8, -5.2, 0.0)",,6.4,,,,,
,,4.0,,"(-146.4, -29.1, 22.7)",,"(-2.9, 6.3, 0.0)",,7.0,,5372.0,,1969.0,
,,5.0,,"(-143.2, -34.0, 26.5)",,"(3.2, -5.0, 3.8)",,7.0,,5797.8,,2023.2,
,,6.0,,"(-145.3, -39.0, 30.3)",,"(-2.2, -4.9, 3.8)",,6.6,,4875.7,,1527.7,
,,7.0,,"(-150.6, -51.5, 41.7)",,"(-5.3, -12.5, 11.4)",,17.7,,5475.0,,1900.0,
,,8.0,,"(-141.0, -61.3, 41.7)",,"(9.6, -9.8, 0.0)",,13.7,,5839.9,,2037.7,
,,9.0,,"(-145.0, -61.0, 49.2)",,"(-4.0, 0.4, 7.6)",,8.6,,5767.1,,2044.9,
,,10.0,,"(-146.4, -58.8, 41.7)",,"(-1.4, 2.1, -7.6)",,8.0,,6590.4,,2268.5,
,,11.0,,"(-145.1, -47.6, 26.5)",,"(1.3, 11.2, -15.2)",,18.9,,5012.2,,1951.3,
,,12.0,,"(-151.4, -39.8, 30.3)",,"(-6.3, 7.8, 3.8)",,10.7,,5166.6,,1824.3,
,,13.0,,"(-143.0, -41.2, 18.9)",,"(8.5, -1.3, -11.4)",,14.2,,5964.5,,2056.7,
,,14.0,,"(-140.9, -39.0, 22.7)",,"(2.1, 2.2, 3.8)",,4.8,,4683.8,,1826.4,
,,15.0,,"(-146.2, -31.1, 15.2)",,"(-5.3, 7.9, -7.6)",,12.2,,6635.1,,2336.6,
,,16.0,,"(-148.4, -35.2, 22.7)",,"(-2.2, -4.1, 7.6)",,8.9,,5441.3,,2008.7,
,,17.0,,"(-153.4, -36.1, 30.3)",,"(-5.0, -0.9, 7.6)",,9.1,,5779.4,,2008.0,
,,18.0,,"(-147.9, -53.6, 30.3)",,"(5.5, -17.5, 0.0)",,18.4,,5581.1,,1905.9,
,,19.0,,"(-150.0, -48.7, 30.3)",,"(-2.2, 5.0, 0.0)",,5.4,,6838.0,,2169.0,
,,20.0,,"(-155.0, -43.2, 37.9)",,"(-5.0, 5.4, 7.6)",,10.6,,5820.2,,1960.8,
,,21.0,,"(-153.0, -43.9, 37.9)",,"(2.0, -0.7, 0.0)",,2.1,,4781.8,,1687.2,
,,22.0,,"(-150.5, -42.3, 30.3)",,"(2.6, 1.6, -7.6)",,8.2,,4896.8,,1842.2,
,,23.0,,"(-151.7, -52.3, 49.2)",,"(-1.3, -10.0, 18.9)",,21.5,,6371.6,,2171.3,
,,24.0,,"(-157.0, -42.6, 37.9)",,"(-5.2, 9.8, -11.4)",,15.9,,5344.9,,1891.9,
,,25.0,,"(-149.9, -56.6, 45.5)",,"(7.1, -14.0, 7.6)",,17.4,,4172.0,,1597.3,
,,26.0,,"(-168.7, -33.5, 49.2)",,"(-18.9, 23.1, 3.8)",,30.0,,2359.6,,1043.0,
,,27.0,,"(-168.7, -28.8, 60.6)",,"(0.1, 4.7, 11.4)",,12.3,,4143.0,,1358.5,
,,28.0,,"(-164.5, -47.0, 56.8)",,"(4.1, -18.2, -3.8)",,19.0,,2380.3,,919.6,
,,29.0,,"(-161.8, -56.7, 60.6)",,"(2.7, -9.7, 3.8)",,10.8,,3866.7,,1374.5,
,,30.0,,"(-162.0, -53.9, 56.8)",,"(-0.2, 2.8, -3.8)",,4.7,,2979.7,,1109.2,
"24_(200, 0, 100)_Cell3D",,,,,,,,,,,,,
,,0.0,,"(-269.2, 6.6, 45.5)",,,,,,7016.8,,2158.1,
,,1.0,,"(-270.5, -0.5, 45.5)",,"(-1.3, -7.1, 0.0)",,7.2,,7618.2,,2279.7,
,,2.0,,"(-271.5, 11.7, 45.5)",,"(-1.0, 12.2, 0.0)",,12.2,,5218.8,,1759.1,
,,3.0,,"(-276.1, -1.0, 53.0)",,"(-4.6, -12.7, 7.6)",,15.5,,7849.2,,2299.2,
,,4.0,,"(-279.6, 13.8, 56.8)",,"(-3.6, 14.8, 3.8)",,15.7,,8588.0,,2542.8,
,,5.0,,"(-277.3, 25.1, 53.0)",,"(2.4, 11.3, -3.8)",,12.2,,6719.9,,2147.6,
,,6.0,,"(-280.3, 27.5, 60.6)",,"(-3.0, 2.4, 7.6)",,8.5,,7018.4,,2099.7,
,,7.0,,"(-286.3, 17.6, 60.6)",,"(-5.9, -9.9, 0.0)",,11.5,,5774.0,,1884.7,
,,8.0,,"(-288.2, 1.0, 60.6)",,"(-1.9, -16.6, 0.0)",,16.7,,6213.2,,1957.6,
,,9.0,,"(-289.6, 12.3, 56.8)",,"(-1.4, 11.3, -3.8)",,12.0,,6826.9,,2130.4,
,,10.0,,"(-292.6, 12.7, 53.0)",,"(-3.0, 0.4, -3.8)",,4.9,,6359.8,,1978.4,
,,11.0,,"(-292.9, 6.5, 53.0)",,"(-0.3, -6.1, 0.0)",,6.1,,6385.0,,1976.8,
,,12.0,,"(-293.8, 1.8, 56.8)",,"(-0.9, -4.8, 3.8)",,6.2,,4584.9,,1437.4,
,,13.0,,"(-295.1, 5.6, 49.2)",,"(-1.3, 3.9, -7.6)",,8.6,,1958.8,,824.3,
,,14.0,,"(-298.7, 20.1, 41.7)",,"(-3.6, 14.5, -7.6)",,16.8,,3540.8,,1225.7,
,,15.0,,"(-301.1, 37.6, 37.9)",,"(-2.4, 17.4, -3.8)",,18.0,,3343.2,,1185.6,
,,16.0,,"(-307.5, 30.8, 34.1)",,"(-6.4, -6.7, -3.8)",,10.0,,2432.3,,1041.5,
,,17.0,,"(-311.5, 36.7, 37.9)",,"(-3.9, 5.8, 3.8)",,8.0,,3834.0,,1274.9,
,,18.0,,"(-316.0, 30.3, 41.7)",,"(-4.5, -6.4, 3.8)",,8.7,,3355.2,,1162.7,
,,19.0,,"(-321.1, 24.1, 45.5)",,"(-5.1, -6.2, 3.8)",,8.9,,7841.1,,2383.8,
,,20.0,,"(-326.1, 31.7, 56.8)",,"(-5.0, 7.6, 11.4)",,14.5,,3046.6,,1097.0,
,,21.0,,"(-332.8, 23.8, 56.8)",,"(-6.7, -7.8, 0.0)",,10.3,,2818.2,,1048.7,
,,22.0,,"(-335.3, 23.1, 56.8)",,"(-2.5, -0.7, 0.0)",,2.6,,2870.1,,1020.4,
,,23.0,,"(-336.7, 24.4, 60.6)",,"(-1.5, 1.3, 3.8)",,4.3,,4186.8,,1367.6,
,,24.0,,"(-337.8, 34.2, 60.6)",,"(-1.1, 9.8, 0.0)",,9.9,,2911.8,,1130.1,
,,25.0,,"(-336.2, 25.1, 60.6)",,"(1.6, -9.1, 0.0)",,9.2,,4180.6,,1367.0,
,,26.0,,"(-340.3, 32.5, 60.6)",,"(-4.1, 7.4, 0.0)",,8.4,,5297.2,,1537.2,
,,27.0,,"(-345.1, 36.9, 60.6)",,"(-4.8, 4.4, 0.0)",,6.5,,4094.7,,1318.6,
,,28.0,,"(-342.4, 43.0, 68.2)",,"(2.7, 6.1, 7.6)",,10.1,,4936.7,,1468.0,
,,29.0,,"(-344.6, 35.5, 68.2)",,"(-2.2, -7.5, 0.0)",,7.8,,4948.3,,1481.2,
,,30.0,,"(-343.5, 42.0, 68.2)",,"(1.1, 6.5, 0.0)",,6.6,,4452.2,,1367.9,
"25_(200, 0, 100)_Cell3D",,,,,,,,,,,,,
,,0.0,,"(-196.0, 50.5, 53.0)",,,,,,6325.4,,2028.2,
,,1.0,,"(-199.1, 47.2, 53.0)",,"(-3.0, -3.3, 0.0)",,4.5,,7707.1,,2379.3,
,,2.0,,"(-197.4, 53.0, 53.0)",,"(1.7, 5.8, 0.0)",,6.1,,4784.6,,1577.9,
,,3.0,,"(-199.4, 44.1, 53.0)",,"(-2.0, -8.8, 0.0)",,9.1,,5409.9,,1720.0,
,,4.0,,"(-200.6, 48.2, 53.0)",,"(-1.2, 4.1, 0.0)",,4.3,,5317.9,,1757.6,
,,5.0,,"(-197.0, 61.1, 60.6)",,"(3.6, 12.8, 7.6)",,15.4,,6880.1,,2067.8,
,,6.0,,"(-199.1, 63.6, 60.6)",,"(-2.1, 2.5, 0.0)",,3.3,,5393.1,,1730.7,
,,7.0,,"(-200.6, 60.0, 60.6)",,"(-1.6, -3.6, 0.0)",,3.9,,6135.3,,1792.4,
,,8.0,,"(-202.1, 44.6, 60.6)",,"(-1.5, -15.4, 0.0)",,15.5,,5529.8,,1689.7,
,,9.0,,"(-201.0, 56.4, 60.6)",,"(1.1, 11.8, 0.0)",,11.8,,6090.5,,1850.6,
,,10.0,,"(-201.3, 53.6, 60.6)",,"(-0.3, -2.8, 0.0)",,2.9,,6189.3,,1795.1,
,,11.0,,"(-201.0, 46.5, 60.6)",,"(0.3, -7.1, 0.0)",,7.1,,6184.5,,1892.7,
,,12.0,,"(-207.9, 43.5, 60.6)",,"(-6.9, -3.0, 0.0)",,7.6,,5522.7,,1720.7,
,,13.0,,"(-211.5, 43.3, 60.6)",,"(-3.5, -0.2, 0.0)",,3.5,,5168.9,,1621.5,
,,14.0,,"(-214.2, 44.5, 60.6)",,"(-2.8, 1.2, 0.0)",,3.0,,6195.2,,1774.6,
,,15.0,,"(-213.7, 47.9, 60.6)",,"(0.6, 3.4, 0.0)",,3.5,,6585.7,,1889.0,
,,16.0,,"(-209.9, 52.7, 56.8)",,"(3.8, 4.8, -3.8)",,7.2,,6690.6,,2002.9,
,,17.0,,"(-213.3, 54.7, 60.6)",,"(-3.5, 2.0, 3.8)",,5.5,,5813.2,,1763.2,
,,18.0,,"(-217.4, 42.2, 60.6)",,"(-4.0, -12.4, 0.0)",,13.1,,5887.3,,1786.8,
,,19.0,,"(-218.2, 43.0, 53.0)",,"(-0.9, 0.7, -7.6)",,7.7,,5986.3,,1763.9,
,,20.0,,"(-217.0, 48.6, 60.6)",,"(1.3, 5.6, 7.6)",,9.5,,5835.9,,1741.0,
,,21.0,,"(-218.8, 49.0, 53.0)",,"(-1.8, 0.5, -7.6)",,7.8,,5535.3,,1689.4,
,,22.0,,"(-219.2, 46.3, 60.6)",,"(-0.4, -2.7, 7.6)",,8.1,,5543.9,,1670.4,
,,23.0,,"(-221.0, 45.1, 60.6)",,"(-1.8, -1.3, 0.0)",,2.2,,5701.7,,1650.7,
,,24.0,,"(-224.6, 42.0, 64.4)",,"(-3.6, -3.1, 3.8)",,6.1,,6976.2,,2054.4,
,,25.0,,"(-227.4, 34.8, 68.2)",,"(-2.9, -7.2, 3.8)",,8.6,,7135.1,,1948.9,
,,26.0,,"(-229.9, 37.3, 68.2)",,"(-2.4, 2.5, 0.0)",,3.5,,9727.3,,2468.1,
,,27.0,,"(-233.1, 37.9, 75.8)",,"(-3.2, 0.6, 7.6)",,8.3,,7342.6,,2035.6,
,,28.0,,"(-236.8, 43.9, 68.2)",,"(-3.7, 6.0, -7.6)",,10.3,,9042.3,,2296.6,
,,29.0,,"(-238.9, 12.8, 75.8)",,"(-2.1, -31.1, 7.6)",,32.1,,8796.6,,2376.0,
,,30.0,,"(-238.5, 6.9, 75.8)",,"(0.4, -5.9, 0.0)",,5.9,,8494.5,,2310.9,
"26_(200, 0, 100)_Cell3D",,,,,,,,,,,,,
,,0.0,,,,,,,,,,,
,,1.0,,,,,,,,,,,
,,2.0,,,,,,,,,,,
,,3.0,,,,,,,,,,,
,,4.0,,,,,,,,,,,
,,5.0,,,,,,,,,,,
,,6.0,,,,,,,,,,,
,,7.0,,,,,,,,,,,
,,8.0,,,,,,,,,,,
,,9.0,,,,,,,,,,,
,,10.0,,,,,,,,,,,
,,11.0,,,,,,,,,,,
,,12.0,,,,,,,,,,,
,,13.0,,"(-191.8, 55.6, 37.9)",,,,,,,,,
,,14.0,,,,,,,,,,,
,,15.0,,,,,,,,,,,
,,16.0,,,,,,,,,,,
,,17.0,,,,,,,,,,,
,,18.0,,,,,,,,,,,
,,19.0,,,,,,,,,,,
,,20.0,,,,,,,,,,,
,,21.0,,,,,,,,,,,
,,22.0,,,,,,,,,,,
,,23.0,,,,,,,,,,,
,,24.0,,,,,,,,,,,
,,25.0,,,,,,,,,,,
,,26.0,,,,,,,,,,,
,,27.0,,,,,,,,,,,
,,28.0,,,,,,,,,,,
,,29.0,,,,,,,,,,,
,,30.0,,,,,,,,,,,
"27_(200, 0, 100)_Cell3D",,,,,,,,,,,,,
,,0.0,,,,,,,,,,,
,,1.0,,,,,,,,,,,
,,2.0,,,,,,,,,,,
,,3.0,,,,,,,,,,,
,,4.0,,,,,,,,,,,
,,5.0,,,,,,,,,,,
,,6.0,,,,,,,,,,,
,,7.0,,,,,,,,,,,
,,8.0,,,,,,,,,,,
,,9.0,,,,,,,,,,,
,,10.0,,,,,,,,,,,
,,11.0,,,,,,,,,,,
,,12.0,,,,,,,,,,,
,,13.0,,"(-299.8, -6.7, 64.4)",,,,,,2361.5,,943.3,
,,14.0,,"(-305.2, 3.9, 64.4)",,"(-5.3, 10.5, 0.0)",,11.8,,3536.1,,1174.4,
,,15.0,,"(-306.6, 16.0, 60.6)",,"(-1.5, 12.1, -3.8)",,12.7,,4316.7,,1394.6,
,,16.0,,"(-309.1, 17.4, 60.6)",,"(-2.5, 1.5, 0.0)",,2.9,,4316.0,,1385.0,
,,17.0,,"(-315.6, 27.0, 64.4)",,"(-6.5, 9.6, 3.8)",,12.2,,4621.8,,1480.9,
,,18.0,,"(-321.0, 16.9, 64.4)",,"(-5.4, -10.1, 0.0)",,11.4,,2525.8,,969.5,
,,19.0,,,,,,,,,,,
,,20.0,,,,,,,,,,,
,,21.0,,,,,,,,,,,
,,22.0,,,,,,,,,,,
,,23.0,,,,,,,,,,,
,,24.0,,,,,,,,,,,
,,25.0,,,,,,,,,,,
,,26.0,,,,,,,,,,,
,,27.0,,,,,,,,,,,
,,28.0,,,,,,,,,,,
,,29.0,,,,,,,,,,,
,,30.0,,,,,,,,,,,
"29_(200, 0, 100)_Cell3D",,,,,,,,,,,,,
,,0.0,,,,,,,,,,,
,,1.0,,,,,,,,,,,
,,2.0,,,,,,,,,,,
,,3.0,,,,,,,,,,,
,,4.0,,,,,,,,,,,
,,5.0,,,,,,,,,,,
,,6.0,,,,,,,,,,,
,,7.0,,,,,,,,,,,
,,8.0,,,,,,,,,,,
,,9.0,,,,,,,,,,,
,,10.0,,,,,,,,,,,
,,11.0,,,,,,,,,,,
,,12.0,,,,,,,,,,,
,,13.0,,,,,,,,,,,
,,14.0,,,,,,,,,,,
,,15.0,,,,,,,,,,,
,,16.0,,,,,,,,,,,
,,17.0,,,,,,,,,,,
,,18.0,,,,,,,,,,,
,,19.0,,,,,,,,,,,
,,20.0,,"(-318.6, 39.3, 37.9)",,,,,,3774.3,,1257.4,
,,21.0,,"(-326.0, 38.5, 37.9)",,"(-7.4, -0.8, 0.0)",,7.5,,3953.9,,1272.7,
,,22.0,,"(-326.8, 36.7, 37.9)",,"(-0.7, -1.8, 0.0)",,2.0,,3474.8,,1191.7,
,,23.0,,"(-329.2, 37.5, 37.9)",,"(-2.5, 0.8, 0.0)",,2.6,,3602.5,,1216.3,
,,24.0,,"(-330.4, 50.1, 37.9)",,"(-1.1, 12.6, 0.0)",,12.7,,3173.2,,1090.4,
,,25.0,,"(-331.1, 43.4, 41.7)",,"(-0.7, -6.7, 3.8)",,7.7,,3111.0,,1083.8,
,,26.0,,"(-339.0, 49.2, 37.9)",,"(-8.0, 5.8, -3.8)",,10.5,,3451.4,,1193.4,
,,27.0,,"(-338.2, 54.0, 45.5)",,"(0.8, 4.8, 7.6)",,9.0,,4151.8,,1313.4,
,,28.0,,"(-337.4, 63.9, 45.5)",,"(0.8, 9.8, 0.0)",,9.9,,4607.9,,1400.6,
,,29.0,,"(-343.6, 58.8, 41.7)",,"(-6.3, -5.1, -3.8)",,8.9,,3840.9,,1258.1,
,,30.0,,"(-342.6, 62.3, 53.0)",,"(1.0, 3.6, 11.4)",,12.0,,4479.2,,1390.9,
"30_(200, 0, 100)_Cell3D",,,,,,,,,,,,,
,,0.0,,,,,,,,,,,
,,1.0,,,,,,,,,,,
,,2.0,,,,,,,,,,,
,,3.0,,,,,,,,,,,
,,4.0,,,,,,,,,,,
,,5.0,,,,,,,,,,,
,,6.0,,,,,,,,,,,
,,7.0,,,,,,,,,,,
,,8.0,,,,,,,,,,,
,,9.0,,,,,,,,,,,
,,10.0,,,,,,,,,,,
,,11.0,,,,,,,,,,,
,,12.0,,,,,,,,,,,
,,13.0,,,,,,,,,,,
,,14.0,,,,,,,,,,,
,,15.0,,,,,,,,,,,
,,16.0,,,,,,,,,,,
,,17.0,,,,,,,,,,,
,,18.0,,,,,,,,,,,
,,19.0,,,,,,,,,,,
,,20.0,,,,,,,,,,,
,,21.0,,,,,,,,,,,
,,22.0,,,,,,,,,,,
,,23.0,,,,,,,,,,,
,,24.0,,"(-206.1, 58.8, 45.5)",,,,,,,,,
,,25.0,,,,,,,,,,,
,,26.0,,,,,,,,,,,
,,27.0,,,,,,,,,,,
,,28.0,,,,,,,,,,,
,,29.0,,,,,,,,,,,
,,30.0,,,,,,,,,,,
"31_(200, 0, 100)_Cell3D",,,,,,,,,,,,,
,,0.0,,,,,,,,,,,
,,1.0,,,,,,,,,,,
,,2.0,,,,,,,,,,,
,,3.0,,,,,,,,,,,
,,4.0,,,,,,,,,,,
,,5.0,,,,,,,,,,,
,,6.0,,,,,,,,,,,
,,7.0,,,,,,,,,,,
,,8.0,,,,,,,,,,,
,,9.0,,,,,,,,,,,
,,10.0,,,,,,,,,,,
,,11.0,,,,,,,,,,,
,,12.0,,,,,,,,,,,
,,13.0,,,,,,,,,,,
,,14.0,,,,,,,,,,,
,,15.0,,,,,,,,,,,
,,16.0,,,,,,,,,,,
,,17.0,,,,,,,,,,,
,,18.0,,,,,,,,,,,
,,19.0,,,,,,,,,,,
,,20.0,,,,,,,,,,,
,,21.0,,,,,,,,,,,
,,22.0,,,,,,,,,,,
,,23.0,,,,,,,,,,,
,,24.0,,,,,,,,,,,
,,25.0,,,,,,,,,,,
,,26.0,,,,,,,,,,,
,,27.0,,,,,,,,,,,
,,28.0,,"(-174.3, -7.0, 64.4)",,,,,,2036.0,,868.6,
,,29.0,,"(-173.5, -22.5, 60.6)",,"(0.8, -15.4, -3.8)",,15.9,,4195.9,,1474.1,
,,30.0,,,,,,,,,,,
"32_(200, 0, 100)_Cell3D",,,,,,,,,,,,,
,,0.0,,,,,,,,,,,
,,1.0,,,,,,,,,,,
,,2.0,,,,,,,,,,,
,,3.0,,,,,,,,,,,
,,4.0,,,,,,,,,,,
,,5.0,,,,,,,,,,,
,,6.0,,,,,,,,,,,
,,7.0,,,,,,,,,,,
,,8.0,,,,,,,,,,,
,,9.0,,,,,,,,,,,
,,10.0,,,,,,,,,,,
,,11.0,,,,,,,,,,,
,,12.0,,,,,,,,,,,
,,13.0,,,,,,,,,,,
,,14.0,,,,,,,,,,,
,,15.0,,,,,,,,,,,
,,16.0,,,,,,,,,,,
,,17.0,,,,,,,,,,,
,,18.0,,,,,,,,,,,
,,19.0,,,,,,,,,,,
,,20.0,,,,,,,,,,,
,,21.0,,,,,,,,,,,
,,22.0,,,,,,,,,,,
,,23.0,,,,,,,,,,,
,,24.0,,,,,,,,,,,
,,25.0,,,,,,,,,,,
,,26.0,,,,,,,,,,,
,,27.0,,,,,,,,,,,
,,28.0,,,,,,,,,,,
,,29.0,,,,,,,,,,,
,,30.0,,"(-175.0, 17.5, 72.0)",,,,,,2332.2,,945.8,
"33_(0, 100, 0)_Cell3D",,,,,,,,,,,,,
,,0.0,,"(-151.3, 19.2, 7.6)",,,,,,8524.4,,2363.2,
,,1.0,,"(-157.7, 22.6, 7.6)",,"(-6.4, 3.4, 0.0)",,7.3,,10269.3,,2748.4,
,,2.0,,"(-155.7, 22.1, 7.6)",,"(2.0, -0.5, 0.0)",,2.0,,6075.7,,2075.6,
,,3.0,,"(-158.5, 27.6, 15.2)",,"(-2.7, 5.5, 7.6)",,9.8,,6819.3,,2293.3,
,,4.0,,"(-163.1, 27.5, 15.2)",,"(-4.7, -0.1, 0.0)",,4.7,,6690.7,,2166.6,
,,5.0,,"(-157.9, 22.5, 22.7)",,"(5.2, -5.0, 7.6)",,10.5,,5807.4,,1739.7,
,,6.0,,"(-157.5, 3.0, 34.1)",,"(0.4, -19.5, 11.4)",,22.6,,3095.6,,1134.8,
,,7.0,,"(-152.8, -19.0, 26.5)",,"(4.7, -22.0, -7.6)",,23.7,,1773.2,,765.5,
,,8.0,,"(-149.5, -36.1, 18.9)",,"(3.2, -17.1, -7.6)",,19.0,,2599.4,,1005.7,
,,9.0,,"(-149.9, -30.5, 15.2)",,"(-0.3, 5.6, -3.8)",,6.8,,3424.1,,1294.6,
,,10.0,,"(-156.7, -38.4, 18.9)",,"(-6.8, -7.9, 3.8)",,11.1,,3358.3,,1262.0,
,,11.0,,"(-152.2, -36.1, 22.7)",,"(4.5, 2.3, 3.8)",,6.3,,,,,
,,12.0,,,,,,,,,,,
,,13.0,,,,,,,,,,,
,,14.0,,,,,,,,,,,
,,15.0,,,,,,,,,,,
,,16.0,,,,,,,,,,,
,,17.0,,,,,,,,,,,
,,18.0,,,,,,,,,,,
,,19.0,,,,,,,,,,,
,,20.0,,,,,,,,,,,
,,21.0,,,,,,,,,,,
,,22.0,,,,,,,,,,,
,,23.0,,,,,,,,,,,
,,24.0,,,,,,,,,,,
,,25.0,,,,,,,,,,,
,,26.0,,,,,,,,,,,
,,27.0,,,,,,,,,,,
,,28.0,,,,,,,,,,,
,,29.0,,,,,,,,,,,
,,30.0,,,,,,,,,,,
"34_(0, 100, 0)_Cell3D",,,,,,,,,,,,,
,,0.0,,"(-174.9, 51.4, 75.8)",,,,,,4177.6,,1482.5,
,,1.0,,"(-176.2, 51.3, 68.2)",,"(-1.2, -0.1, -7.6)",,7.7,,4186.4,,1416.6,
,,2.0,,"(-172.3, 56.6, 68.2)",,"(3.8, 5.3, 0.0)",,6.6,,4486.7,,1526.9,
,,3.0,,"(-173.4, 53.4, 68.2)",,"(-1.1, -3.2, 0.0)",,3.4,,5126.3,,1703.2,
,,4.0,,"(-172.3, 63.1, 68.2)",,"(1.1, 9.8, 0.0)",,9.8,,6253.3,,1934.4,
,,5.0,,"(-168.9, 70.0, 64.4)",,"(3.4, 6.8, -3.8)",,8.5,,5637.1,,1890.9,
,,6.0,,"(-173.1, 65.9, 68.2)",,"(-4.2, -4.1, 3.8)",,7.0,,4213.8,,1625.6,
,,7.0,,"(-173.9, 58.5, 68.2)",,"(-0.8, -7.4, 0.0)",,7.4,,4907.4,,1649.9,
,,8.0,,"(-176.8, 53.6, 60.6)",,"(-2.9, -4.9, -7.6)",,9.5,,6144.7,,1963.3,
,,9.0,,"(-175.2, 62.4, 60.6)",,"(1.7, 8.8, 0.0)",,9.0,,4385.7,,1524.2,
,,10.0,,"(-176.1, 50.6, 60.6)",,"(-0.9, -11.8, 0.0)",,11.8,,3387.5,,1173.7,
,,11.0,,"(-176.4, 55.5, 56.8)",,"(-0.3, 4.9, -3.8)",,6.2,,1542.1,,667.7,
,,12.0,,"(-171.9, 63.8, 56.8)",,"(4.5, 8.3, 0.0)",,9.4,,2535.6,,992.8,
,,13.0,,"(-177.0, 61.9, 56.8)",,"(-5.1, -1.9, 0.0)",,5.4,,3495.1,,1300.3,
,,14.0,,"(-177.5, 62.0, 56.8)",,"(-0.5, 0.1, 0.0)",,0.6,,2981.1,,1130.1,
,,15.0,,"(-176.3, 64.4, 49.2)",,"(1.3, 2.4, -7.6)",,8.1,,3040.9,,1154.5,
,,16.0,,"(-173.0, 63.1, 45.5)",,"(3.3, -1.3, -3.8)",,5.2,,3168.5,,1165.3,
,,17.0,,"(-173.7, 68.2, 45.5)",,"(-0.7, 5.1, 0.0)",,5.2,,3809.4,,1416.4,
,,18.0,,,,,,,,,,,
,,19.0,,,,,,,,,,,
,,20.0,,,,,,,,,,,
,,21.0,,,,,,,,,,,
,,22.0,,,,,,,,,,,
,,23.0,,,,,,,,,,,
,,24.0,,,,,,,,,,,
,,25.0,,,,,,,,,,,
,,26.0,,,,,,,,,,,
,,27.0,,,,,,,,,,,
,,28.0,,,,,,,,,,,
,,29.0,,,,,,,,,,,
,,30.0,,,,,,,,,,,
"35_(0, 100, 0)_Cell3D",,,,,,,,,,,,,
,,0.0,,,,,,,,,,,
,,1.0,,,,,,,,,,,
,,2.0,,,,,,,,,,,
,,3.0,,,,,,,,,,,
,,4.0,,,,,,,,,,,
,,5.0,,,,,,,,,,,
,,6.0,,,,,,,,,,,
,,7.0,,"(-165.6, 24.3, 18.9)",,,,,,1872.1,,781.5,
,,8.0,,"(-164.0, 33.2, 11.4)",,"(1.6, 8.9, -7.6)",,11.8,,2841.0,,1103.0,
,,9.0,,"(-165.3, 43.5, 18.9)",,"(-1.3, 10.3, 7.6)",,12.8,,2750.2,,1138.7,
,,10.0,,"(-161.6, 26.6, 11.4)",,"(3.6, -16.8, -7.6)",,18.8,,3286.8,,1237.7,
,,11.0,,"(-164.0, 21.3, 11.4)",,"(-2.4, -5.4, 0.0)",,5.9,,3146.1,,1190.4,
,,12.0,,"(-159.7, 23.2, 11.4)",,"(4.3, 2.0, 0.0)",,4.8,,3432.2,,1305.7,
,,13.0,,"(-163.7, 10.3, 11.4)",,"(-4.0, -12.9, 0.0)",,13.5,,3361.6,,1342.2,
,,14.0,,,,,,,,,,,
,,15.0,,,,,,,,,,,
,,16.0,,,,,,,,,,,
,,17.0,,,,,,,,,,,
,,18.0,,,,,,,,,,,
,,19.0,,,,,,,,,,,
,,20.0,,,,,,,,,,,
,,21.0,,,,,,,,,,,
,,22.0,,,,,,,,,,,
,,23.0,,,,,,,,,,,
,,24.0,,,,,,,,,,,
,,25.0,,,,,,,,,,,
,,26.0,,,,,,,,,,,
,,27.0,,,,,,,,,,,
,,28.0,,,,,,,,,,,
,,29.0,,,,,,,,,,,
,,30.0,,,,,,,,,,,
"36_(0, 100, 0)_Cell3D",,,,,,,,,,,,,
,,0.0,,,,,,,,,,,
,,1.0,,,,,,,,,,,
,,2.0,,,,,,,,,,,
,,3.0,,,,,,,,,,,
,,4.0,,,,,,,,,,,
,,5.0,,,,,,,,,,,
,,6.0,,,,,,,,,,,
,,7.0,,,,,,,,,,,
,,8.0,,,,,,,,,,,
,,9.0,,,,,,,,,,,
,,10.0,,,,,,,,,,,
,,11.0,,"(-154.4, -28.1, 15.2)",,,,,,4876.2,,1648.3,
,,12.0,,"(-153.1, -22.7, 11.4)",,"(1.4, 5.4, -3.8)",,6.7,,2545.0,,1124.2,
,,13.0,,"(-155.9, -25.8, 15.2)",,"(-2.9, -3.1, 3.8)",,5.7,,4176.6,,1491.1,
,,14.0,,"(-157.6, -8.0, 11.4)",,"(-1.7, 17.8, -3.8)",,18.3,,3509.3,,1334.8,
,,15.0,,"(-160.7, -3.3, 11.4)",,"(-3.1, 4.8, 0.0)",,5.7,,3728.2,,1340.0,
,,16.0,,"(-160.9, -11.6, 11.4)",,"(-0.2, -8.3, 0.0)",,8.3,,3593.2,,1296.3,
,,17.0,,"(-165.3, -14.5, 15.2)",,"(-4.4, -2.9, 3.8)",,6.5,,4749.0,,1591.1,
,,18.0,,"(-165.0, -31.0, 18.9)",,"(0.3, -16.5, 3.8)",,17.0,,3488.2,,1254.6,
,,19.0,,"(-164.3, -30.4, 18.9)",,"(0.7, 0.6, 0.0)",,0.9,,3412.1,,1220.1,
,,20.0,,"(-164.3, -21.5, 15.2)",,"(-0.1, 8.9, -3.8)",,9.6,,3957.3,,1433.8,
,,21.0,,"(-161.7, -30.1, 22.7)",,"(2.6, -8.6, 7.6)",,11.8,,3844.8,,1427.9,
,,22.0,,"(-162.7, -29.9, 22.7)",,"(-1.1, 0.2, 0.0)",,1.1,,3882.4,,1448.3,
,,23.0,,"(-163.5, -35.5, 22.7)",,"(-0.7, -5.6, 0.0)",,5.7,,3605.8,,1384.4,
,,24.0,,"(-168.7, -5.9, 15.2)",,"(-5.2, 29.6, -7.6)",,31.0,,5374.9,,1756.4,
,,25.0,,"(-163.8, -21.5, 15.2)",,"(4.9, -15.6, 0.0)",,16.3,,3816.7,,1385.2,
,,26.0,,"(-165.4, -26.2, 22.7)",,"(-1.6, -4.7, 7.6)",,9.1,,4073.9,,1536.7,
,,27.0,,"(-165.6, -19.6, 18.9)",,"(-0.2, 6.7, -3.8)",,7.7,,3928.4,,1442.5,
,,28.0,,"(-167.0, -10.2, 15.2)",,"(-1.4, 9.4, -3.8)",,10.2,,4710.5,,1743.0,
,,29.0,,"(-161.7, -14.5, 15.2)",,"(5.3, -4.3, 0.0)",,6.8,,6005.5,,1814.8,
,,30.0,,"(-164.1, -27.0, 22.7)",,"(-2.3, -12.5, 7.6)",,14.8,,4217.5,,1639.4,
"38_(0, 100, 0)_Cell3D",,,,,,,,,,,,,
,,0.0,,,,,,,,,,,
,,1.0,,,,,,,,,,,
,,2.0,,,,,,,,,,,
,,3.0,,,,,,,,,,,
,,4.0,,,,,,,,,,,
,,5.0,,,,,,,,,,,
,,6.0,,,,,,,,,,,
,,7.0,,,,,,,,,,,
,,8.0,,,,,,,,,,,
,,9.0,,,,,,,,,,,
,,10.0,,,,,,,,,,,
,,11.0,,"(-164.7, 26.4, 79.5)",,,,,,1220.5,,587.9,
,,12.0,,,,,,,,,,,
,,13.0,,,,,,,,,,,
,,14.0,,,,,,,,,,,
,,15.0,,,,,,,,,,,
,,16.0,,,,,,,,,,,
,,17.0,,,,,,,,,,,
,,18.0,,,,,,,,,,,
,,19.0,,,,,,,,,,,
,,20.0,,,,,,,,,,,
,,21.0,,,,,,,,,,,
,,22.0,,,,,,,,,,,
,,23.0,,,,,,,,,,,
,,24.0,,,,,,,,,,,
,,25.0,,,,,,,,,,,
,,26.0,,,,,,,,,,,
,,27.0,,,,,,,,,,,
,,28.0,,,,,,,,,,,
,,29.0,,,,,,,,,,,
,,30.0,,,,,,,,,,,
"39_(0, 100, 0)_Cell3D",,,,,,,,,,,,,
,,0.0,,,,,,,,,,,
,,1.0,,,,,,,,,,,
,,2.0,,,,,,,,,,,
,,3.0,,,,,,,,,,,
,,4.0,,,,,,,,,,,
,,5.0,,,,,,,,,,,
,,6.0,,,,,,,,,,,
,,7.0,,,,,,,,,,,
,,8.0,,,,,,,,,,,
,,9.0,,,,,,,,,,,
,,10.0,,,,,,,,,,,
,,11.0,,,,,,,,,,,
,,12.0,,"(-173.8, 44.4, 72.0)",,,,,,2046.5,,920.3,
,,13.0,,"(-177.2, 42.8, 72.0)",,"(-3.4, -1.6, 0.0)",,3.8,,2877.3,,1072.4,
,,14.0,,"(-176.8, 52.2, 72.0)",,"(0.5, 9.3, 0.0)",,9.3,,2685.1,,1059.0,
,,15.0,,"(-174.3, 59.2, 72.0)",,"(2.4, 7.0, 0.0)",,7.5,,2146.3,,952.1,
,,16.0,,"(-173.7, 59.8, 72.0)",,"(0.6, 0.6, 0.0)",,0.9,,2600.7,,1048.0,
,,17.0,,"(-170.6, 63.7, 75.8)",,"(3.1, 3.9, 3.8)",,6.2,,3825.9,,1401.5,
,,18.0,,"(-176.4, 59.0, 64.4)",,"(-5.8, -4.7, -11.4)",,13.6,,7718.9,,2652.0,
,,19.0,,"(-173.0, 58.5, 56.8)",,"(3.4, -0.5, -7.6)",,8.3,,6760.1,,2508.9,
,,20.0,,"(-173.1, 72.3, 64.4)",,"(-0.1, 13.8, 7.6)",,15.8,,2174.8,,938.3,
,,21.0,,"(-172.6, 68.6, 72.0)",,"(0.5, -3.7, 7.6)",,8.5,,2505.9,,1024.5,
,,22.0,,"(-172.9, 67.7, 75.8)",,"(-0.3, -0.9, 3.8)",,3.9,,2885.3,,1138.0,
,,23.0,,"(-175.9, 63.3, 72.0)",,"(-3.0, -4.4, -3.8)",,6.5,,3200.2,,1184.7,
,,24.0,,"(-174.2, 67.2, 68.2)",,"(1.7, 4.0, -3.8)",,5.7,,3464.4,,1284.7,
,,25.0,,"(-179.4, 65.0, 64.4)",,"(-5.2, -2.2, -3.8)",,6.8,,3447.2,,1327.4,
,,26.0,,"(-183.3, 67.5, 64.4)",,"(-3.9, 2.5, 0.0)",,4.6,,3119.9,,1103.1,
,,27.0,,"(-178.3, 71.4, 68.2)",,"(5.0, 3.9, 3.8)",,7.4,,2982.5,,1109.1,
,,28.0,,"(-176.8, 72.9, 60.6)",,"(1.5, 1.5, -7.6)",,7.9,,3982.2,,1382.8,
,,29.0,,"(-178.2, 71.8, 60.6)",,"(-1.4, -1.1, 0.0)",,1.8,,3899.1,,1345.8,
,,30.0,,"(-173.6, 79.4, 56.8)",,"(4.7, 7.6, -3.8)",,9.7,,3987.3,,1428.2,
"40_(0, 100, 0)_Cell3D",,,,,,,,,,,,,
,,0.0,,,,,,,,,,,
,,1.0,,,,,,,,,,,
,,2.0,,,,,,,,,,,
,,3.0,,,,,,,,,,,
,,4.0,,,,,,,,,,,
,,5.0,,,,,,,,,,,
,,6.0,,,,,,,,,,,
,,7.0,,,,,,,,,,,
,,8.0,,,,,,,,,,,
,,9.0,,,,,,,,,,,
,,10.0,,,,,,,,,,,
,,11.0,,,,,,,,,,,
,,12.0,,,,,,,,,,,
,,13.0,,,,,,,,,,,
,,14.0,,"(-150.7, -42.1, 22.7)",,,,,,2994.5,,1353.2,
,,15.0,,"(-154.3, -49.6, 30.3)",,"(-3.6, -7.5, 7.6)",,11.3,,3795.3,,1391.8,
,,16.0,,"(-156.4, -49.0, 37.9)",,"(-2.1, 0.6, 7.6)",,7.9,,3642.9,,1449.0,
,,17.0,,"(-161.7, -51.6, 45.5)",,"(-5.2, -2.7, 7.6)",,9.6,,4656.4,,1576.1,
,,18.0,,"(-159.9, -58.9, 45.5)",,"(1.8, -7.3, 0.0)",,7.5,,3825.8,,1384.9,
,,19.0,,"(-159.2, -57.4, 45.5)",,"(0.6, 1.5, 0.0)",,1.7,,4842.3,,1615.3,
,,20.0,,"(-160.4, -57.1, 45.5)",,"(-1.2, 0.3, 0.0)",,1.2,,4217.4,,1556.2,
,,21.0,,"(-155.9, -59.1, 53.0)",,"(4.5, -2.1, 7.6)",,9.0,,3704.9,,1396.5,
,,22.0,,"(-161.3, -54.6, 53.0)",,"(-5.4, 4.6, 0.0)",,7.1,,4309.0,,1645.2,
,,23.0,,"(-163.2, -55.2, 53.0)",,"(-1.8, -0.6, 0.0)",,1.9,,3807.3,,1441.3,
,,24.0,,"(-169.2, -51.3, 53.0)",,"(-6.0, 3.9, 0.0)",,7.2,,3844.6,,1406.8,
,,25.0,,"(-165.7, -55.7, 56.8)",,"(3.5, -4.4, 3.8)",,6.8,,4233.4,,1590.5,
,,26.0,,"(-171.9, -53.2, 60.6)",,"(-6.3, 2.5, 3.8)",,7.7,,3467.7,,1355.0,
,,27.0,,"(-170.4, -45.1, 75.8)",,"(1.6, 8.1, 15.2)",,17.2,,3654.9,,1467.1,
,,28.0,,"(-174.8, -36.1, 75.8)",,"(-4.4, 9.1, 0.0)",,10.1,,3995.0,,1484.5,
,,29.0,,"(-172.6, -38.0, 79.5)",,"(2.2, -2.0, 3.8)",,4.8,,4254.3,,1598.7,
,,30.0,,"(-173.8, -26.3, 83.3)",,"(-1.2, 11.8, 3.8)",,12.4,,4744.8,,1804.0,
"41_(0, 100, 0)_Cell3D",,,,,,,,,,,,,
,,0.0,,,,,,,,,,,
,,1.0,,,,,,,,,,,
,,2.0,,,,,,,,,,,
,,3.0,,,,,,,,,,,
,,4.0,,,,,,,,,,,
,,5.0,,,,,,,,,,,
,,6.0,,,,,,,,,,,
,,7.0,,,,,,,,,,,
,,8.0,,,,,,,,,,,
,,9.0,,,,,,,,,,,
,,10.0,,,,,,,,,,,
,,11.0,,,,,,,,,,,
,,12.0,,,,,,,,,,,
,,13.0,,,,,,,,,,,
,,14.0,,,,,,,,,,,
,,15.0,,,,,,,,,,,
,,16.0,,,,,,,,,,,
,,17.0,,,,,,,,,,,
,,18.0,,,,,,,,,,,
,,19.0,,,,,,,,,,,
,,20.0,,"(-173.4, 66.7, 41.7)",,,,,,2632.1,,1038.4,
,,21.0,,"(-174.1, 70.9, 45.5)",,"(-0.7, 4.3, 3.8)",,5.7,,4272.6,,1430.6,
,,22.0,,"(-171.0, 68.2, 45.5)",,"(3.1, -2.7, 0.0)",,4.1,,3707.9,,1385.4,
,,23.0,,"(-178.1, 65.5, 45.5)",,"(-7.1, -2.7, 0.0)",,7.6,,3490.4,,1244.5,
,,24.0,,"(-178.7, 61.2, 41.7)",,"(-0.7, -4.3, -3.8)",,5.8,,3021.7,,1142.6,
,,25.0,,"(-179.3, 61.7, 37.9)",,"(-0.6, 0.5, -3.8)",,3.9,,3877.4,,1360.7,
,,26.0,,"(-181.1, 66.3, 37.9)",,"(-1.8, 4.7, 0.0)",,5.0,,3744.1,,1311.6,
,,27.0,,"(-181.9, 51.7, 26.5)",,"(-0.8, -14.6, -11.4)",,18.5,,2536.5,,1174.3,
,,28.0,,"(-180.0, 54.8, 22.7)",,"(1.9, 3.0, -3.8)",,5.2,,4624.6,,1569.3,
,,29.0,,"(-179.2, 45.1, 22.7)",,"(0.8, -9.7, 0.0)",,9.7,,4875.8,,1645.1,
,,30.0,,"(-182.3, 46.6, 22.7)",,"(-3.1, 1.5, 0.0)",,3.5,,4215.4,,1515.8,
"42_(150, 50, 50)_Cell3D",,,,,,,,,,,,,
,,0.0,,"(-181.8, 50.3, 45.5)",,,,,,5324.1,,1719.9,
,,1.0,,"(-185.8, 44.0, 45.5)",,"(-4.0, -6.4, 0.0)",,7.5,,5245.1,,1623.8,
,,2.0,,"(-183.4, 51.0, 49.2)",,"(2.3, 7.1, 3.8)",,8.4,,6704.4,,1953.3,
,,3.0,,"(-185.9, 53.2, 45.5)",,"(-2.4, 2.2, -3.8)",,5.0,,5739.1,,1754.8,
,,4.0,,"(-183.7, 64.7, 53.0)",,"(2.2, 11.5, 7.6)",,13.9,,6124.5,,1829.8,
,,5.0,,"(-180.7, 72.8, 49.2)",,"(3.0, 8.1, -3.8)",,9.5,,6211.0,,1884.2,
,,6.0,,"(-184.0, 72.6, 49.2)",,"(-3.2, -0.2, 0.0)",,3.2,,6843.8,,2040.5,
,,7.0,,"(-184.6, 64.2, 49.2)",,"(-0.6, -8.4, 0.0)",,8.4,,5385.8,,1720.4,
,,8.0,,"(-191.3, 48.9, 45.5)",,"(-6.7, -15.3, -3.8)",,17.1,,6211.0,,1816.1,
,,9.0,,"(-185.6, 57.1, 45.5)",,"(5.7, 8.2, 0.0)",,9.9,,6425.3,,1828.4,
,,10.0,,"(-184.4, 59.5, 37.9)",,"(1.2, 2.4, -7.6)",,8.0,,5817.4,,1714.8,
,,11.0,,"(-184.8, 57.2, 37.9)",,"(-0.4, -2.4, 0.0)",,2.4,,4607.7,,1633.7,
,,12.0,,"(-188.0, 60.0, 37.9)",,"(-3.1, 2.8, 0.0)",,4.2,,5340.5,,1624.2,
,,13.0,,"(-192.1, 55.4, 45.5)",,"(-4.1, -4.6, 7.6)",,9.8,,,,,
,,14.0,,"(-187.5, 62.2, 37.9)",,"(4.6, 6.8, -7.6)",,11.2,,5166.9,,1543.2,
,,15.0,,"(-193.2, 58.8, 37.9)",,"(-5.7, -3.4, 0.0)",,6.6,,5888.3,,1730.0,
,,16.0,,"(-192.9, 56.1, 37.9)",,"(0.2, -2.7, 0.0)",,2.7,,5403.9,,1628.8,
,,17.0,,"(-196.5, 53.4, 37.9)",,"(-3.6, -2.7, 0.0)",,4.5,,5180.8,,1657.6,
,,18.0,,"(-199.1, 44.0, 34.1)",,"(-2.5, -9.3, -3.8)",,10.4,,6125.8,,1861.9,
,,19.0,,"(-195.7, 33.2, 22.7)",,"(3.3, -10.8, -11.4)",,16.0,,5265.7,,1700.9,
,,20.0,,"(-198.1, 45.6, 30.3)",,"(-2.4, 12.3, 7.6)",,14.7,,5017.8,,1563.8,
,,21.0,,"(-199.6, 45.2, 30.3)",,"(-1.6, -0.4, 0.0)",,1.6,,5587.6,,1657.6,
,,22.0,,"(-198.0, 48.6, 37.9)",,"(1.7, 3.5, 7.6)",,8.5,,6466.8,,1974.2,
,,23.0,,"(-204.3, 45.8, 37.9)",,"(-6.3, -2.8, 0.0)",,6.9,,5239.9,,1674.7,
,,24.0,,"(-205.3, 56.7, 37.9)",,"(-1.0, 10.9, 0.0)",,10.9,,,,,
,,25.0,,,,,,,,,,,
,,26.0,,,,,,,,,,,
,,27.0,,,,,,,,,,,
,,28.0,,,,,,,,,,,
,,29.0,,,,,,,,,,,
,,30.0,,,,,,,,,,,
"43_(150, 50, 50)_Cell3D",,,,,,,,,,,,,
,,0.0,,,,,,,,,,,
,,1.0,,,,,,,,,,,
,,2.0,,,,,,,,,,,
,,3.0,,"(-141.2, -31.1, 15.2)",,,,,,,,,
,,4.0,,,,,,,,,,,
,,5.0,,,,,,,,,,,
,,6.0,,,,,,,,,,,
,,7.0,,,,,,,,,,,
,,8.0,,,,,,,,,,,
,,9.0,,,,,,,,,,,
,,10.0,,,,,,,,,,,
,,11.0,,,,,,,,,,,
,,12.0,,,,,,,,,,,
,,13.0,,,,,,,,,,,
,,14.0,,,,,,,,,,,
,,15.0,,,,,,,,,,,
,,16.0,,,,,,,,,,,
,,17.0,,,,,,,,,,,
,,18.0,,,,,,,,,,,
,,19.0,,,,,,,,,,,
,,20.0,,,,,,,,,,,
,,21.0,,,,,,,,,,,
,,22.0,,,,,,,,,,,
,,23.0,,,,,,,,,,,
,,24.0,,,,,,,,,,,
,,25.0,,,,,,,,,,,
,,26.0,,,,,,,,,,,
,,27.0,,,,,,,,,,,
,,28.0,,,,,,,,,,,
,,29.0,,,,,,,,,,,
,,30.0,,,,,,,,,,,
"44_(150, 50, 50)_Cell3D",,,,,,,,,,,,,
,,0.0,,,,,,,,,,,
,,1.0,,,,,,,,,,,
,,2.0,,,,,,,,,,,
,,3.0,,,,,,,,,,,
,,4.0,,,,,,,,,,,
,,5.0,,,,,,,,,,,
,,6.0,,,,,,,,,,,
,,7.0,,,,,,,,,,,
,,8.0,,,,,,,,,,,
,,9.0,,,,,,,,,,,
,,10.0,,,,,,,,,,,
,,11.0,,,,,,,,,,,
,,12.0,,,,,,,,,,,
,,13.0,,"(-189.8, 52.8, 30.3)",,,,,,,,,
,,14.0,,,,,,,,,,,
,,15.0,,,,,,,,,,,
,,16.0,,,,,,,,,,,
,,17.0,,,,,,,,,,,
,,18.0,,,,,,,,,,,
,,19.0,,,,,,,,,,,
,,20.0,,,,,,,,,,,
,,21.0,,,,,,,,,,,
,,22.0,,,,,,,,,,,
,,23.0,,,,,,,,,,,
,,24.0,,,,,,,,,,,
,,25.0,,,,,,,,,,,
,,26.0,,,,,,,,,,,
,,27.0,,,,,,,,,,,
,,28.0,,,,,,,,,,,
,,29.0,,,,,,,,,,,
,,30.0,,,,,,,,,,,
"45_(150, 50, 50)_Cell3D",,,,,,,,,,,,,
,,0.0,,,,,,,,,,,
,,1.0,,,,,,,,,,,
,,2.0,,,,,,,,,,,
,,3.0,,,,,,,,,,,
,,4.0,,,,,,,,,,,
,,5.0,,,,,,,,,,,
,,6.0,,,,,,,,,,,
,,7.0,,,,,,,,,,,
,,8.0,,,,,,,,,,,
,,9.0,,,,,,,,,,,
,,10.0,,,,,,,,,,,
,,11.0,,,,,,,,,,,
,,12.0,,,,,,,,,,,
,,13.0,,,,,,,,,,,
,,14.0,,,,,,,,,,,
,,15.0,,,,,,,,,,,
,,16.0,,,,,,,,,,,
,,17.0,,,,,,,,,,,
,,18.0,,,,,,,,,,,
,,19.0,,,,,,,,,,,
,,20.0,,,,,,,,,,,
,,21.0,,,,,,,,,,,
,,22.0,,,,,,,,,,,
,,23.0,,,,,,,,,,,
,,24.0,,"(-207.3, 59.3, 53.0)",,,,,,,,,
,,25.0,,"(-210.7, 56.0, 45.5)",,"(-3.4, -3.4, -7.6)",,9.0,,6238.0,,1757.1,
,,26.0,,"(-217.2, 61.7, 45.5)",,"(-6.5, 5.8, 0.0)",,8.7,,5817.9,,1656.4,
,,27.0,,"(-216.9, 61.0, 45.5)",,"(0.4, -0.7, 0.0)",,0.8,,6674.4,,1848.6,
,,28.0,,"(-212.9, 60.5, 45.5)",,"(4.0, -0.5, 0.0)",,4.0,,5867.4,,1722.4,
,,29.0,,"(-216.8, 49.5, 45.5)",,"(-3.9, -11.1, 0.0)",,11.7,,5217.9,,1660.5,
,,30.0,,"(-218.3, 51.8, 53.0)",,"(-1.5, 2.3, 7.6)",,8.1,,6335.2,,1828.6,
"46_(255, 200, 100)_Cell3D",,,,,,,,,,,,,
,,0.0,,"(-153.4, -54.5, 68.2)",,,,,,5784.6,,1857.4,
,,1.0,,"(-155.7, -54.6, 68.2)",,"(-2.3, -0.0, 0.0)",,2.3,,5666.3,,1852.4,
,,2.0,,"(-151.3, -57.6, 64.4)",,"(4.3, -3.1, -3.8)",,6.5,,4573.1,,1637.8,
,,3.0,,"(-157.4, -60.4, 56.8)",,"(-6.1, -2.8, -7.6)",,10.1,,5624.7,,1785.7,
,,4.0,,"(-160.7, -45.0, 64.4)",,"(-3.3, 15.4, 7.6)",,17.5,,5949.9,,1885.3,
,,5.0,,"(-160.8, -50.4, 53.0)",,"(-0.1, -5.4, -11.4)",,12.6,,6483.3,,1946.8,
,,6.0,,"(-160.4, -51.8, 56.8)",,"(0.4, -1.4, 3.8)",,4.1,,7716.8,,2099.2,
,,7.0,,"(-161.3, -60.2, 53.0)",,"(-0.9, -8.5, -3.8)",,9.3,,5515.5,,1691.1,
,,8.0,,"(-154.3, -69.5, 56.8)",,"(7.0, -9.3, 3.8)",,12.2,,6366.9,,1957.4,
,,9.0,,"(-159.1, -63.9, 53.0)",,"(-4.7, 5.6, -3.8)",,8.3,,6331.4,,1837.2,
,,10.0,,"(-160.8, -67.1, 53.0)",,"(-1.7, -3.2, 0.0)",,3.6,,6416.3,,1768.0,
,,11.0,,"(-159.2, -66.1, 53.0)",,"(1.5, 0.9, 0.0)",,1.8,,6765.9,,1869.3,
,,12.0,,"(-161.9, -62.0, 56.8)",,"(-2.7, 4.2, 3.8)",,6.3,,7745.5,,2088.9,
,,13.0,,"(-158.2, -63.8, 56.8)",,"(3.7, -1.8, 0.0)",,4.1,,7000.6,,1945.3,
,,14.0,,"(-159.7, -61.9, 60.6)",,"(-1.5, 2.0, 3.8)",,4.5,,5562.9,,1683.9,
,,15.0,,"(-167.5, -54.6, 64.4)",,"(-7.8, 7.3, 3.8)",,11.3,,3589.9,,1219.1,
,,16.0,,"(-168.5, -56.9, 60.6)",,"(-1.0, -2.3, -3.8)",,4.6,,5328.8,,1604.0,
,,17.0,,"(-169.4, -52.8, 64.4)",,"(-0.9, 4.2, 3.8)",,5.7,,6998.4,,1981.1,
,,18.0,,"(-172.9, -60.0, 64.4)",,"(-3.5, -7.3, 0.0)",,8.1,,6972.0,,2023.3,
,,19.0,,"(-169.6, -62.9, 60.6)",,"(3.3, -2.9, -3.8)",,5.8,,6091.5,,1730.2,
,,20.0,,"(-170.3, -48.1, 72.0)",,"(-0.7, 14.8, 11.4)",,18.7,,7498.6,,2112.0,
,,21.0,,"(-172.5, -28.3, 75.8)",,"(-2.2, 19.8, 3.8)",,20.3,,2672.4,,1129.6,
,,22.0,,"(-169.4, -47.5, 75.8)",,"(3.1, -19.2, 0.0)",,19.5,,2934.7,,1061.2,
,,23.0,,"(-174.1, -44.3, 72.0)",,"(-4.7, 3.2, -3.8)",,6.8,,3170.7,,1102.5,
,,24.0,,"(-176.5, -37.7, 75.8)",,"(-2.4, 6.6, 3.8)",,8.0,,3438.0,,1263.4,
,,25.0,,"(-175.6, -31.2, 79.5)",,"(0.9, 6.6, 3.8)",,7.6,,3051.9,,1104.1,
,,26.0,,"(-180.3, -27.0, 83.3)",,"(-4.7, 4.2, 3.8)",,7.4,,3784.6,,1296.5,
,,27.0,,"(-181.9, -15.7, 87.1)",,"(-1.5, 11.2, 3.8)",,12.0,,2256.1,,963.3,
,,28.0,,"(-182.8, -7.3, 90.9)",,"(-0.9, 8.4, 3.8)",,9.2,,4442.7,,1532.4,
,,29.0,,"(-188.0, -0.2, 87.1)",,"(-5.2, 7.2, -3.8)",,9.6,,5612.9,,1978.1,
,,30.0,,,,,,,,,,,
"47_(255, 200, 100)_Cell3D",,,,,,,,,,,,,
,,0.0,,,,,,,,,,,
,,1.0,,,,,,,,,,,
,,2.0,,,,,,,,,,,
,,3.0,,,,,,,,,,,
,,4.0,,,,,,,,,,,
,,5.0,,,,,,,,,,,
,,6.0,,,,,,,,,,,
,,7.0,,,,,,,,,,,
,,8.0,,,,,,,,,,,
,,9.0,,,,,,,,,,,
,,10.0,,,,,,,,,,,
,,11.0,,,,,,,,,,,
,,12.0,,,,,,,,,,,
,,13.0,,,,,,,,,,,
,,14.0,,,,,,,,,,,
,,15.0,,,,,,,,,,,
,,16.0,,,,,,,,,,,
,,17.0,,,,,,,,,,,
,,18.0,,,,,,,,,,,
,,19.0,,,,,,,,,,,
,,20.0,,,,,,,,,,,
,,21.0,,,,,,,,,,,
,,22.0,,"(-177.1, 6.9, 79.5)",,,,,,1621.9,,695.7,
,,23.0,,"(-178.8, -13.4, 79.5)",,"(-1.7, -20.3, 0.0)",,20.4,,2748.8,,998.2,
,,24.0,,"(-187.2, -3.7, 87.1)",,"(-8.4, 9.6, 7.6)",,14.9,,2490.1,,977.8,
,,25.0,,"(-179.5, 12.5, 87.1)",,"(7.7, 16.2, 0.0)",,18.0,,2765.3,,1030.8,
,,26.0,,"(-193.6, -3.2, 87.1)",,"(-14.1, -15.6, 0.0)",,21.0,,2470.8,,1012.6,
,,27.0,,"(-200.3, -3.8, 94.7)",,"(-6.7, -0.7, 7.6)",,10.1,,3545.2,,1213.4,
,,28.0,,"(-201.7, 2.4, 90.9)",,"(-1.4, 6.3, -3.8)",,7.5,,4145.1,,1377.9,
,,29.0,,"(-198.6, 6.7, 90.9)",,"(3.1, 4.3, 0.0)",,5.3,,,,,
,,30.0,,"(-195.5, 4.9, 87.1)",,"(3.1, -1.8, -3.8)",,5.2,,3411.6,,1331.7,
"48_(255, 200, 100)_Cell3D",,,,,,,,,,,,,
,,0.0,,,,,,,,,,,
,,1.0,,,,,,,,,,,
,,2.0,,,,,,,,,,,
,,3.0,,,,,,,,,,,
,,4.0,,,,,,,,,,,
,,5.0,,,,,,,,,,,
,,6.0,,,,,,,,,,,
,,7.0,,,,,,,,,,,
,,8.0,,,,,,,,,,,
,,9.0,,,,,,,,,,,
,,10.0,,,,,,,,,,,
,,11.0,,,,,,,,,,,
,,12.0,,,,,,,,,,,
,,13.0,,,,,,,,,,,
,,14.0,,,,,,,,,,,
,,15.0,,,,,,,,,,,
,,16.0,,,,,,,,,,,
,,17.0,,,,,,,,,,,
,,18.0,,,,,,,,,,,
,,19.0,,,,,,,,,,,
,,20.0,,,,,,,,,,,
,,21.0,,,,,,,,,,,
,,22.0,,,,,,,,,,,
,,23.0,,,,,,,,,,,
,,24.0,,,,,,,,,,,
,,25.0,,,,,,,,,,,
,,26.0,,,,,,,,,,,
,,27.0,,,,,,,,,,,
,,28.0,,,,,,,,,,,
,,29.0,,,,,,,,,,,
,,30.0,,"(-180.1, 28.5, 87.1)",,,,,,2639.5,,1083.8,
